d,o,h,l,c
2025-06-02,24.68,25.13,23.76,24.5
2025-06-03,24.86,27.225,24.41,26.86
2025-06-04,26.56,27.44,25.95,26.23
2025-06-05,27.37,28.25,22.99,23.82
2025-06-06,25.08,26.13,24.905,25.16
2025-06-09,26.17,26.56,25.43,26.24
2025-06-10,26.7,27.4,25.21,25.88
2025-06-11,26.31,26.87,24.7,25.03
2025-06-12,24.14,24.42,22.76,23.11
2025-06-13,22.34,23.445,21.93,23.36
2025-06-16,24.32,27.3,23.85,26.96
2025-06-17,26.0,26.59,24.31,25.39
2025-06-18,25.29,34.4,24.96,33.56
2025-06-20,35.49,37.1,34.23,36.56
2025-06-23,35.01,37.93,33.28,36.31
2025-06-24,37.96,46.1,37.383,45.06
2025-06-25,49.17,51.5,44.87,47.7
2025-06-26,47.73,54.97,47.73,53.0
2025-06-27,51.45,52.38,45.01,46.95
2025-06-30,48.45,48.76,45.47,46.13
2025-07-01,43.33,46.83,41.76,42.13
2025-07-02,43.36,47.565,43.01,46.92
2025-07-03,45.79,47.764,45.28,47.05
2025-07-07,46.8,49.35,45.91,47.49
2025-07-08,49.01,50.6,45.12,46.86
2025-07-09,47.86,51.89,46.52,51.87
2025-07-10,51.49,56.05,50.53,55.98
2025-07-11,56.38,57.81,52.95,55.37
2025-07-14,56.99,58.7,55.861,57.35
2025-07-15,56.6,59.34,51.37,55.51
2025-07-16,56.975,60.73,56.77,58.45
2025-07-17,58.825,63.71,57.5,62.0
2025-07-18,64.775,72.345,60.82,64.57
2025-07-21,66.68,69.87,62.89,63.0
2025-07-22,64.5,65.1,57.041,60.13
2025-07-23,58.65,58.88,54.91,58.06
2025-07-24,60.04,60.2,56.347,57.72
2025-07-25,56.3,57.87,54.65,56.12
2025-07-28,57.035,57.11,51.502,52.68
2025-07-29,53.79,54.052,48.85,50.4
2025-07-30,53.48,55.0,50.82,52.0
2025-07-31,53.6,54.61,51.825,52.15
2025-08-01,40.23,40.99,33.556,34.79
2025-08-04,35.84,36.71,33.33,35.43
2025-08-05,32.96,34.2,30.81,30.95
2025-08-06,30.85,32.32,30.0,32.04
2025-08-07,33.66,35.08,32.78,33.57
2025-08-08,33.7,34.11,31.45,33.45
2025-08-11,36.06,38.44,35.3,35.37
2025-08-12,37.56,37.63,34.21,36.05
2025-08-13,37.25,41.095,35.82,37.06
2025-08-14,35.37,37.084,34.7,36.47
2025-08-15,36.04,36.105,34.162,34.84
2025-08-18,33.361,36.288,32.5,35.51
2025-08-19,35.44,35.86,31.23,31.35
2025-08-20,31.88,32.22,29.17,31.79
2025-08-21,31.25,31.911,30.679,30.9
2025-08-22,30.95,35.44,30.35,34.9
2025-08-25,33.29,33.979,31.728,31.89
2025-08-26,31.538,32.52,30.66,32.35
2025-08-27,32.13,33.17,31.99,32.43
2025-08-28,33.25,33.94,31.903,32.11
2025-08-29,31.85,32.247,30.87,31.51
2025-09-02,30.485,32.679,29.62,31.29
2025-09-03,31.54,32.22,30.78,30.95
2025-09-04,31.0,32.1,30.515,31.84
2025-09-05,33.33,33.66,28.928,30.23
2025-09-08,30.75,31.76,29.854,30.85
2025-09-09,31.18,34.379,31.18,34.22
2025-09-10,34.82,36.35,32.92,33.52
2025-09-11,34.13,35.753,33.576,35.32
2025-09-12,36.147,36.49,34.4,35.08
2025-09-15,34.98,36.19,34.61,35.88
2025-09-16,37.03,37.3,34.666,36.1
2025-09-17,35.69,36.199,32.42,34.47
2025-09-18,35.73,41.15,35.1,39.2
2025-09-19,39.2,40.706,37.99,39.14
2025-09-22,37.0,37.645,35.86,36.63
2025-09-23,37.02,37.49,33.55,34.05
2025-09-24,34.84,35.56,34.15,34.37
2025-09-25,32.77,33.55,30.7,31.17
2025-09-26,31.58,32.65,30.45,32.32
2025-09-29,33.5,36.78,33.07,36.66
2025-09-30,35.75,37.589,35.718,37.4
2025-10-01,38.75,40.2,38.106,39.3
2025-10-02,41.4,46.14,41.04,45.15
2025-10-03,45.52,47.96,44.7,47.09
2025-10-06,49.58,50.21,47.222,48.54
2025-10-07,48.72,49.0,42.85,45.94
2025-10-08,46.765,49.55,45.93,48.7
2025-10-09,48.13,49.98,47.44,48.58
2025-10-10,48.9,52.4,39.76,41.12
2025-10-13,42.96,42.96,38.07,41.15
2025-10-14,37.39,40.288,36.02,37.47
2025-10-15,38.39,38.9,35.71,36.38
2025-10-16,36.86,37.707,34.73,35.05
2025-10-17,32.65,36.24,32.37,36.22
2025-10-20,37.52,40.08,36.814,37.83
2025-10-21,37.57,38.09,35.96,36.71
2025-10-22,35.66,35.88,30.66,32.78
2025-10-23,33.25,34.33,32.36,33.21
2025-10-24,35.6,40.17,35.24,39.66
2025-10-27,41.68,43.83,40.29,41.19
2025-10-28,41.62,42.73,39.54,39.8
2025-10-29,40.315,40.8,37.54,38.27
2025-10-30,37.12,37.3,33.85,33.96
2025-10-31,35.44,40.56,35.11,36.92
2025-11-03,36.19,36.69,33.12,34.05
2025-11-04,31.71,33.05,29.22,29.31
2025-11-05,30.955,32.47,30.0,31.56
2025-11-06,31.04,31.04,26.69,26.79
2025-11-07,25.86,29.57,24.68,29.29
2025-11-10,31.89,32.19,29.716,30.88
2025-11-11,29.775,30.73,28.13,28.16
2025-11-12,29.22,29.56,27.72,28.19
2025-11-13,27.75,28.16,23.705,24.34
2025-11-14,21.87,25.88,21.71,24.43
2025-11-17,22.8,23.335,20.0,20.97
2025-11-18,20.53,22.05,20.5,20.6
2025-11-19,20.615,20.75,18.28,19.9
2025-11-20,20.325,20.84,16.61,16.93
2025-11-21,17.72,18.02,15.92,17.25
2025-11-24,17.83,19.695,17.58,19.42
2025-11-25,18.06,19.17,17.123,19.15
2025-11-26,19.44,21.0,19.09,20.76
2025-11-28,22.07,23.07,21.44,21.97
2025-12-01,19.96,20.83,18.66,19.9
2025-12-02,21.02,21.798,20.36,20.36
2025-12-03,21.11,22.575,20.53,22.48
2025-12-04,21.86,22.956,21.55,22.02
2025-12-05,21.41,21.89,20.53,21.27
2025-12-08,21.89,22.35,21.25,21.98
2025-12-09,21.44,23.65,20.82,22.47
2025-12-10,21.83,22.78,21.4,22.11
2025-12-11,20.85,21.43,19.85,21.11
2025-12-12,21.63,22.5,20.18,20.85
2025-12-15,21.0,21.0,17.625,18.19
2025-12-16,18.64,19.12,18.18,18.47
2025-12-17,18.75,19.48,17.19,17.27
2025-12-18,18.49,18.81,16.54,16.54
2025-12-19,17.27,17.54,16.76,17.35
2025-12-22,18.25,18.7,17.66,17.74
2025-12-23,17.08,17.33,16.41,16.93
2025-12-24,16.63,16.72,16.19,16.55
2025-12-26,16.61,16.61,15.58,16.14
2025-12-29,15.795,16.53,15.57,15.69
2025-12-30,15.67,15.99,15.38,15.4
2025-12-31,15.33,15.49,14.57,14.65
2026-01-02,15.22,16.236,14.62,15.98
2026-01-05,17.44,18.996,17.31,18.45
2026-01-06,18.53,18.93,17.12,17.82
2026-01-07,17.45,17.55,16.35,17.17
2026-01-08,16.97,17.76,16.64,17.08
2026-01-09,17.16,17.23,15.91,16.42
2026-01-12,16.25,17.31,16.04,16.71
2026-01-13,17.066,18.406,16.92,18.02
2026-01-14,18.6,19.485,18.061,18.45
2026-01-15,17.7,17.76,15.81,16.09
2026-01-16,16.075,16.55,15.655,16.3
2026-01-20,15.19,15.43,14.25,14.5
2026-01-21,14.62,14.93,13.782,14.39
2026-01-22,14.54,14.82,13.86,13.88
2026-01-23,13.77,13.81,12.94,13.1
2026-01-26,12.5,12.925,12.36,12.67
2026-01-27,12.65,12.66,11.99,12.36
2026-01-28,12.59,12.75,11.88,12.18
2026-01-29,11.832,11.86,10.41,11.0
2026-01-30,10.8,10.95,10.06,10.5
2026-02-02,9.95,10.06,9.43,9.75
2026-02-03,9.81,9.81,8.3,8.89
2026-02-04,8.55,8.58,7.375,7.79
2026-02-05,7.025,7.435,5.62,5.72
2026-02-06,6.34,7.19,6.11,7.16
2026-02-09,6.735,7.37,6.63,7.35
2026-02-10,6.935,7.399,6.87,6.92
2026-02-11,6.51,6.53,5.75,6.14
2026-02-12,6.12,6.12,5.02,5.15
2026-02-13,6.065,7.08,5.515,6.83
2026-02-17,6.69,7.34,6.34,6.96
2026-02-18,6.92,7.63,6.721,6.81
2026-02-19,6.655,7.09,6.56,6.95
2026-02-20,6.85,7.75,6.8,7.4
2026-02-23,6.95,7.109,6.315,6.44
2026-02-24,6.09,6.6,5.84,6.57
2026-02-25,7.365,8.5,7.19,8.36
2026-02-26,8.105,8.49,7.7,8.07
2026-02-27,7.52,7.885,7.24,7.62
2026-03-02,7.34,8.5,7.295,8.41
2026-03-03,7.71,8.51,7.22,8.14
2026-03-04,9.35,10.8,9.315,10.5
2026-03-05,10.18,10.98,9.76,10.18
2026-03-06,9.385,9.88,9.09,9.33
2026-03-09,9.41,9.929,8.891,9.58
2026-03-10,10.02,10.165,9.1,9.26
2026-03-11,9.34,9.87,8.88,9.46
2026-03-12,9.195,9.375,8.86,8.94
2026-03-13,9.88,10.19,8.985,9.13
2026-03-16,9.71,10.14,9.423,9.85
2026-03-17,9.76,10.83,9.76,10.5
2026-03-18,10.17,10.39,9.615,9.73
2026-03-19,9.055,10.02,8.73,9.76
2026-03-20,9.75,9.795,8.991,9.25
2026-03-23,9.34,9.835,9.11,9.52
2026-03-24,9.39,9.635,7.345,7.66
2026-03-25,7.985,8.475,7.585,7.67
2026-03-26,7.295,7.54,6.895,7.01
2026-03-27,6.565,6.62,5.91,6.03
2026-03-30,6.265,6.41,5.81,6.0
2026-03-31,6.175,7.11,6.09,7.0
2026-04-01,7.34,7.38,6.78,6.88
2026-04-02,6.435,6.86,6.111,6.74
2026-04-06,7.02,7.235,6.89,7.0
2026-04-07,6.79,7.03,6.3,7.03
2026-04-08,8.04,8.165,6.85,7.01
2026-04-09,7.06,7.17,6.32,6.53
2026-04-10,6.52,6.615,6.062,6.41
2026-04-13,6.19,6.968,6.16,6.93
2026-04-14,7.38,7.93,7.37,7.7
2026-04-15,7.8,8.718,7.64,8.68
2026-04-16,8.8,9.07,8.01,9.0
2026-04-17,9.47,10.46,9.28,9.59
2026-04-20,9.085,10.135,9.0,10.07
2026-04-21,10.05,10.05,8.459,8.55
2026-04-22,9.31,9.97,9.13,9.47
2026-04-23,9.1,9.42,8.34,8.72
2026-04-24,9.05,9.1,8.57,8.85
2026-04-27,8.79,9.26,8.46,8.59
2026-04-28,8.05,8.505,7.89,8.35
2026-04-29,7.75,7.77,6.94,7.29
2026-04-30,7.29,7.9,7.13,7.76
2026-05-01,8.09,8.305,7.92,8.04
2026-05-04,8.73,9.33,8.595,9.02
2026-05-05,9.52,9.54,8.255,8.55
2026-05-06,8.375,8.61,8.16,8.57
2026-05-07,8.4,8.571,7.905,8.11
2026-05-08,7.54,8.82,7.27,8.82
2026-05-11,8.73,10.255,8.081,10.14
2026-05-12,9.74,10.315,8.635,9.32
2026-05-13,8.985,9.0,8.41,8.8
2026-05-14,8.73,10.57,8.195,9.66
2026-05-15,9.06,9.1,7.86,8.15
2026-05-18,7.73,8.02,7.21,7.65
2026-05-19,7.52,8.12,7.321,7.95
2026-05-20,7.97,8.205,7.65,7.78
2026-05-21,7.65,8.13,7.48,7.96
2026-05-22,7.99,8.1,7.21,7.24
2026-05-26,7.3,7.45,6.78,6.85
2026-05-27,6.578,6.83,6.37,6.39
2026-05-28,6.14,7.02,6.03,6.98
2026-05-29,6.83,7.705,6.725,7.5
2026-06-01,6.72,7.295,6.505,7.0
2026-06-02,6.565,6.678,6.15,6.33
2026-06-03,6.15,6.17,5.51,5.55
2026-06-04,5.6,5.76,5.455,5.61
2026-06-05,5.22,5.22,4.48,4.8
2026-06-08,5.06,5.53,4.95,5.4
2026-06-09,5.07,5.58,4.59,4.96
2026-06-10,4.79,5.34,4.755,4.86
2026-06-11,4.89,5.34,4.75,5.26
2026-06-12,5.25,5.577,4.94,5.21
2026-06-15,5.86,6.16,5.785,5.85
2026-06-16,5.83,6.13,5.66,5.82
2026-06-17,5.63,6.14,5.5,5.52
2026-06-18,5.7,5.83,5.22,5.4
2026-06-22,5.51,6.27,5.38,5.49
2026-06-23,4.96,5.45,4.94,5.06
2026-06-24,5.05,5.06,4.43,4.54
2026-06-25,4.555,4.67,4.01,4.085
2026-06-26,3.89,4.49,3.882,4.46
2026-06-29,4.56,4.64,4.215,4.59
2026-06-30,4.38,4.42,4.04,4.27
2026-07-01,4.32,5.32,4.26,5.02
2026-07-02,5.38,5.875,5.255,5.4
2026-07-06,5.12,5.8,5.048,5.62
2026-07-07,5.47,5.698,5.13,5.26
2026-07-08,5.0,5.131,4.79,4.99
2026-07-09,4.81,5.09,4.7,4.92
2026-07-10,5.43,5.5,4.93,4.95
2026-07-13,4.77,5.08,4.64,4.85
2026-07-14,5.0,5.15,4.84,5.11
2026-07-15,5.33,5.54,5.025,5.46
2026-07-16,5.32,5.41,4.955,5.01
2026-07-17,4.551,5.03,4.525,4.8
2026-07-20,4.86,5.255,4.68,5.01
2026-07-21,5.47,6.305,5.46,5.96
2026-07-22,5.705,5.89,5.29,5.3
2026-07-23,5.11,5.26,4.85,4.98
2026-07-24,4.94,4.96,4.52,4.8
2026-07-27,5.09,5.366,4.92,5.34
2026-07-28,5.015,5.38,4.785,5.36
2026-07-29,5.27,5.47,4.8,4.87
2026-07-30,4.935,5.15,4.83,5.07
2026-07-31,4.44,4.45,3.56,4.0
2026-08-03,3.88,4.33,3.71,4.0
2026-08-04,4.05,4.35,3.96,4.23
2026-08-05,4.24,4.415,4.06,4.16
2026-08-06,4.0,4.22,3.92,3.93
2026-08-07,4.08,4.46,3.936,4.38
2026-08-10,4.34,4.37,4.05,4.09
2026-08-11,4.14,4.318,3.96,4.09
2026-08-12,4.175,4.235,4.02,4.11
2026-08-13,4.11,4.4,3.99,4.36
2026-08-14,4.205,4.285,4.025,4.07
2026-08-17,4.05,4.26,3.995,4.16
2026-08-18,4.02,4.172,3.92,3.93
2026-08-19,4.005,4.975,4.0,4.65
2026-08-20,5.4,5.52,5.03,5.38
2026-08-21,5.86,6.56,5.8,6.25
2026-08-24,6.425,6.61,5.72,5.77
2026-08-25,5.56,6.409,5.49,6.28
2026-08-26,5.92,6.15,5.751,5.92
2026-08-27,6.205,6.69,5.82,6.5
2026-08-28,6.17,6.37,5.5,5.65
2026-08-31,5.65,6.37,5.534,6.25
