date,ticker,score,health,reduce,panel_price,rs_pct,a10,a20,a50,a200,d10,d20,dist_hi,dev21_atr,dev10_atr,ret_1d,ret_3d,ret_5d,ret_10d,ret_21d,accel_3d,slope10_5d,slope21_5d,days_ext,days_since_hi,up_streak,gap_pct,range_pct,days_above_10e,days_above_20e,days_above_50s,days_above_200s,vr,bars
2026-06-10,OSCR,99,HEALTHY,Hold,27.85,95.0,1,1,1,1,12.058,18.931,0.0,2.652,1.744,2.314,13.627,35.854,26.648,26.591,-2.314,13.296,8.629,3,0,1,5.805,7.074,5,5,45,37,1.028,399
2026-06-10,CRDO,99,HEALTHY,Hold,254.27,86.0,1,1,1,1,6.867,12.167,0.0,1.045,0.595,1.434,14.882,10.755,7.436,13.063,24.537,3.276,4.279,0,0,3,-2.699,15.142,3,15,43,42,1.515,399
2026-06-10,DOCN,96,HEALTHY,Hold,174.57,63.0,1,1,1,1,2.006,7.115,-5.003,0.908,0.249,1.865,0.942,-1.272,13.994,5.377,2.791,3.324,4.99,0,4,1,-2.091,8.611,9,39,66,190,0.808,399
2026-06-10,BAND,96,HEALTHY,Hold,65.49,96.0,0,0,1,1,-8.136,-1.365,-18.964,-0.051,-0.901,-6.392,-17.853,-9.588,5.647,18.739,-24.233,3.726,7.808,0,4,0,-1.168,12.829,0,0,73,60,0.837,399
2026-06-10,BB,95,HEALTHY,Hold,9.29,,0,1,1,1,-2.674,5.576,-14.7,0.567,-0.256,-0.226,-6.27,-13.36,1.73,41.801,2.548,2.762,7.871,0,4,0,-1.584,7.029,0,49,48,41,0.642,399
2026-06-10,ALAB,94,HEALTHY,Hold,,99.0,0,1,1,1,-0.364,7.882,-8.989,0.844,-0.038,-3.172,4.352,-8.989,1.7,59.566,15.231,3.021,7.361,0,5,0,-2.251,9.484,0,46,43,42,0.928,399
2026-06-10,SPMO,94,HEALTHY,Hold,147.77,,0,0,1,1,-2.882,-1.82,-7.357,-0.577,-1.021,-2.596,-0.416,-7.357,-3.957,-1.636,6.09,-1.478,0.363,0,5,0,-1.037,3.591,0,0,45,45,1.028,399
2026-06-10,SNDK,93,HEALTHY,Hold,,73.0,0,1,1,1,-0.155,4.827,-10.28,0.595,-0.018,-0.201,5.381,-10.28,3.352,6.182,14.531,-0.023,3.629,0,5,0,-1.346,10.628,0,49,50,127,0.917,326
2026-06-10,MU,93,HEALTHY,Hold,,92.0,0,1,1,1,-4.01,2.361,-17.386,0.333,-0.459,-4.702,3.226,-17.386,-3.935,12.14,22.029,-1.262,4.426,0,5,0,-3.287,8.323,0,45,45,200,1.01,399
2026-06-10,NBIS,93,HEALTHY,Hold,228.51,92.0,0,0,1,1,-6.755,-3.125,-19.969,-0.224,-0.604,-3.83,-7.076,-15.889,1.593,13.751,5.5,-2.549,2.343,0,7,0,-2.102,9.268,0,0,50,86,0.795,399
2026-06-10,AMD,92,UNHEALTHY,-,468.77,65.0,0,0,1,1,-6.684,-3.389,-16.611,-0.4,-0.963,-4.859,-2.998,-16.611,-8.706,-1.393,7.579,-2.9,1.765,0,5,0,-1.585,6.437,0,0,48,200,0.878,399
2026-06-10,DELL,92,HEALTHY,Hold,398.53,98.0,0,1,1,1,-2.686,7.185,-20.631,0.781,-0.284,-3.13,-6.227,-12.171,21.129,49.705,3.173,4.327,9.753,0,7,0,-1.273,7.931,0,78,74,72,0.774,399
2026-06-10,OUST,92,HEALTHY,Hold,40.10,,0,0,1,1,-5.69,-0.532,-18.475,0.008,-0.436,-0.337,-3.251,-12.671,-13.204,43.246,10.544,-2.016,3.671,0,4,0,-1.999,10.146,0,0,43,22,0.616,399
2026-06-10,QQQ,89,UNHEALTHY,-,,38.0,0,0,1,1,-3.341,-2.891,-7.032,-1.358,-1.645,-1.998,-1.613,-6.788,-4.902,-2.748,3.896,-2.013,-0.217,0,6,0,-0.872,2.645,0,0,45,45,1.423,399
2026-06-10,NOK,89,UNHEALTHY,-,13.79,40.0,0,0,1,1,-9.391,-8.009,-20.475,-0.977,-1.215,-3.249,-6.815,-19.904,-14.541,-3.736,7.844,-5.373,-0.329,0,6,0,-1.011,5.299,0,0,91,175,0.765,399
2026-06-10,RKLB,84,UNHEALTHY,-,108.08,15.0,0,0,1,1,-10.137,-10.626,-30.074,-1.023,-0.997,-2.938,-4.569,-8.413,-30.074,-10.481,6.167,-9.062,-3.235,0,10,0,-0.49,7.187,0,0,42,200,0.503,399
2026-06-10,AAOI,81,HEALTHY,Hold,182.00,8.0,0,0,1,1,-3.027,-1.906,-21.502,-0.115,-0.211,7.521,-1.056,-4.857,-2.614,-5.284,11.48,-0.33,1.213,0,19,1,5.47,9.987,0,0,119,135,1.278,399
2026-06-10,AXTI,80,UNHEALTHY,-,88.41,1.0,0,0,0,1,-12.27,-16.281,-39.438,-1.032,-0.743,8.844,-4.212,-20.066,-30.529,-32.207,15.464,-14.116,-7.194,0,12,1,4.135,12.651,0,0,0,200,1.065,399
2026-06-10,BE,79,UNHEALTHY,-,252.09,13.0,0,0,0,1,-12.549,-13.75,-23.922,-1.472,-1.337,-9.776,-11.145,-18.478,-20.276,-17.501,1.812,-7.162,-2.84,0,13,0,-4.399,11.965,0,0,0,200,1.472,399
2026-06-10,MXL,75,UNHEALTHY,-,,2.0,0,0,1,1,-13.403,-14.275,-29.647,-1.034,-0.986,-0.909,-11.085,-21.271,-28.833,-29.647,-2.252,-9.927,-3.395,0,21,0,-3.016,8.097,0,0,48,50,0.59,399
2026-06-10,CIEN,75,UNHEALTHY,-,444.22,3.0,0,0,0,1,-14.701,-18.056,-30.678,-2.209,-1.72,-1.068,-10.971,-29.937,-25.328,-25.25,11.165,-13.552,-6.721,0,6,0,0.605,6.058,0,0,0,200,1.266,399
2026-06-10,IREN,38,UNHEALTHY,-,55.08,32.0,0,0,1,1,-11.092,-10.573,-32.574,-0.985,-1.063,-4.628,-5.207,-21.319,-24.057,-6.582,13.186,-7.171,-1.759,0,10,0,-0.185,10.171,0,0,42,42,0.803,399
2026-06-10,DKNG,17,UNHEALTHY,-,,88.0,1,1,1,0,10.288,12.989,-40.307,2.301,1.842,4.349,15.483,14.656,14.838,17.462,16.946,4.036,2.565,1,0,2,1.559,6.947,2,2,27,0,2.243,399
2026-06-10,HOOD,16,UNHEALTHY,-,90.37,65.0,1,1,1,0,2.214,4.379,-43.356,0.605,0.301,3.092,4.717,4.237,13.289,6.908,11.171,1.348,1.926,0,8,1,0.382,8.546,1,10,10,0,1.493,399
2026-06-10,HIMS,,UNHEALTHY,-,29.52,39.0,1,1,1,0,2.433,4.988,-58.024,0.678,0.328,-4.141,6.071,0.981,10.238,-4.667,10.869,4.002,2.991,0,36,0,-2.07,7.415,3,11,11,0,0.859,399
2026-06-10,SQQQ,3,UNHEALTHY,-,,,1,1,0,0,9.506,6.968,-57.964,1.136,1.629,6.046,4.77,21.672,14.731,7.177,-12.245,5.596,-0.304,0,50,2,2.672,7.337,4,2,0,0,1.762,399
2026-06-05,ARM,97,HEALTHY,Hold,359.98,97.0,0,1,1,1,-2.714,9.956,-16.73,0.951,-0.265,-12.838,-14.844,-2.932,14.988,44.513,-34.96,19.583,18.98,0,2,0,-6.021,10.553,0,58,58,47,1.19,396
2026-06-05,MU,96,HEALTHY,Hold,929.34,94.0,0,1,1,1,-7.612,1.297,-19.967,0.254,-0.965,-13.252,-18.804,-11.019,13.372,29.616,-34.026,11.254,12.545,0,2,0,-5.181,11.329,0,42,42,197,1.367,396
2026-06-05,QQQ,95,WATCH,-,726.26,70.0,0,0,1,1,-3.238,-1.744,-5.508,-0.952,-2.008,-4.8,-5.508,-4.504,-1.323,1.335,-6.944,0.857,1.549,0,3,0,-1.425,3.882,0,0,42,42,2.372,396
2026-06-05,SPY,99,HEALTHY,Hold,749.98,59.0,0,0,1,1,-1.644,-0.824,-2.899,-0.75,-1.725,-2.581,-2.899,-2.502,-0.696,0.507,-3.558,0.377,0.796,0,3,0,-0.631,2.345,0,0,42,42,1.921,396
2026-06-05,SNDK,96,HEALTHY,Hold,1634.91,89.0,0,1,1,1,-5.339,1.201,-14.861,0.232,-0.693,-11.386,-9.15,-8.004,1.107,10.592,-13.701,6.968,8.13,0,2,0,-4.592,10.751,0,46,47,124,1.083,323
2026-06-05,MRVL,98,HEALTHY,Hold,295.06,99.0,1,1,1,1,5.58,19.423,-16.737,1.71,0.529,-16.737,-9.395,28.522,38.167,53.047,-51.362,28.833,20.891,0,1,0,-5.35,14.929,13,47,64,64,2.088,396
2026-06-05,HYLN,99,HEALTHY,Hold,7.93,,1,1,1,1,7.077,26.013,-9.449,1.601,0.485,-9.449,1.62,-1.288,64.286,188.703,7.183,13.361,19.638,0,1,0,0.525,15.928,26,26,25,25,1.199,396
2026-06-05,GOOG,75,UNHEALTHY,-,366.78,14.0,0,0,1,1,-1.533,-2.009,-8.34,-0.723,-0.569,-0.95,2.057,-2.834,-4.618,-7.435,9.238,-3.192,-1.401,0,16,0,-1.595,2.07,0,0,42,197,1.05,396
2026-06-04,MRVL,98,HEALTHY,REDUCE,286.09,98.0,1,1,1,1,28.395,46.422,0.0,4.444,3.035,4.9,44.205,54.484,69.395,87.514,33.773,28.908,20.014,4,0,6,-6.199,13.886,12,46,63,63,2.094,395
2026-06-04,SNDK,99,HEALTHY,Hold,1775.06,89.0,1,1,1,1,5.572,14.349,-3.921,1.985,0.792,-3.921,-0.099,7.19,26.363,25.127,-10.885,10.714,10.102,0,1,0,-4.924,5.729,12,45,46,123,0.847,322
2026-06-04,STRL,99,HEALTHY,Hold,944.26,82.0,1,1,1,1,14.129,22.893,0.0,3.356,2.164,3.836,17.548,17.887,32.146,23.293,9.459,11.321,9.209,3,0,3,-3.639,9.808,8,41,41,196,1.182,395
2026-06-04,AMD,98,HEALTHY,Hold,508.50,94.0,1,1,1,1,3.885,11.98,-3.561,2.025,0.666,-3.561,2.562,0.986,16.895,47.272,-0.382,7.689,8.554,9,1,0,-5.119,6.177,11,46,44,196,0.852,395
2026-06-04,ARM,98,HEALTHY,Hold,375.50,99.0,1,1,1,1,10.946,27.488,-4.465,2.63,1.156,-4.465,-3.769,17.35,53.25,88.393,-38.832,25.857,22.078,11,1,0,-7.629,7.607,13,57,57,46,0.847,395
2026-06-04,ALAB,98,HEALTHY,Hold,344.87,96.0,1,1,1,1,8.888,22.183,-1.51,2.332,1.002,-1.51,11.859,2.543,24.548,66.002,13.47,13.168,14.291,11,1,0,-4.26,7.599,19,42,39,38,0.614,395
2026-06-04,CLS,91,HEALTHY,Hold,405.53,74.0,1,1,1,1,3.938,8.086,-9.958,1.147,0.563,-7.155,-0.279,21.178,22.766,1.844,-19.527,13.348,7.163,0,2,0,-8.39,6.129,5,5,5,196,1.239,395
2026-06-04,MXL,82,HEALTHY,Hold,93.33,77.0,1,1,1,1,1.738,7.119,-7.881,0.602,0.139,3.086,9.254,-3.631,-2.645,15.34,23.963,-2.757,2.593,0,17,3,-3.567,13.077,1,3,44,46,0.666,395
2026-06-04,AVGO,76,UNHEALTHY,-,405.55,78.0,0,0,1,1,-5.34,-3.056,-13.012,-0.557,-1.078,-12.587,-8.927,-1.798,0.275,-1.977,-17.96,5.181,3.72,0,2,0,-14.657,5.603,0,0,42,42,3.1,395
2026-06-04,OSCR,45,HEALTHY,Hold,23.18,80.0,1,1,1,1,6.119,8.653,-6.719,1.276,0.885,15.122,2.743,5.687,0.769,31.55,-1.714,-0.887,1.315,0,12,1,8.537,8.644,1,1,41,33,1.266,395
2026-06-04,NVTS,93,HEALTHY,Hold,28.46,98.0,1,1,1,1,12.094,24.254,-3.523,1.729,0.918,-0.551,23.371,7.576,33.406,74.758,37.291,6.65,9.883,0,7,0,-6.858,10.923,3,41,41,46,1.019,395
2026-06-02,DELL,99,HEALTHY,REDUCE,452.52,99.0,1,1,1,1,23.791,43.322,-6.578,4.924,3.055,-6.578,37.3,42.687,82.88,107.123,29.895,34.997,24.259,7,1,0,0.032,8.215,9,72,68,66,1.436,393
2026-06-02,DDOG,99,HEALTHY,REDUCE,262.58,98.0,1,1,1,1,13.36,25.735,-3.013,4.634,2.577,-3.013,19.486,20.335,28.881,91.511,18.172,13.651,12.6,18,1,0,-4.771,5.429,34,34,34,22,1.201,393
2026-06-02,MU,99,HEALTHY,REDUCE,1030.82,98.0,1,1,1,1,16.905,31.204,0.0,4.137,2.439,2.762,15.222,18.777,56.132,96.252,-7.75,20.518,16.76,6,0,3,1.4,5.578,9,39,39,194,0.845,393
2026-06-02,INTC,81,UNHEALTHY,-,106.54,72.0,0,0,1,1,-5.69,-2.279,-16.618,-0.219,-0.754,-1.281,-10.72,-12.621,-0.222,8.342,-11.597,-1.586,2.479,0,15,0,-1.72,4.475,0,0,43,194,0.758,393
2026-06-02,MXL,82,UNHEALTHY,-,86.43,75.0,0,1,1,1,-3.973,2.19,-13.21,0.228,-0.312,2.934,-9.206,-7.657,1.486,15.004,-7.794,-0.858,4.912,0,15,1,6.355,12.852,0,1,42,44,1.504,393
2026-06-02,MRVL,99,HEALTHY,REDUCE,271.85,88.0,1,1,1,1,35.139,48.794,0.0,4.877,3.807,32.521,41.967,39.628,72.136,76.29,37.637,15.807,11.887,2,0,4,15.508,13.367,10,44,61,61,3.348,393
2026-06-02,ARM,99,HEALTHY,REDUCE,401.18,98.0,1,1,1,1,21.53,39.89,-1.502,4.005,2.422,-1.502,20.115,25.369,87.202,90.695,10.732,26.197,21.022,9,1,0,-1.888,9.954,11,55,55,44,1.148,393
2026-06-02,NBIS,99,HEALTHY,Hold,266.82,96.0,1,1,1,1,13.887,24.055,-1.486,2.221,1.355,-1.486,15.128,25.243,30.381,68.671,9.741,12.704,10.477,2,1,0,2.869,7.326,8,22,44,80,0.742,393
2026-06-02,DOCN,99,HEALTHY,Hold,173.13,95.0,1,1,1,1,8.001,15.053,-0.219,2.118,1.147,-0.219,13.929,7.684,17.391,68.323,18.063,3.781,5.543,2,1,0,-1.444,6.067,3,33,60,184,0.591,393
2026-06-02,OSCR,41,HEALTHY,Hold,22.33,85.0,0,0,1,1,-5.014,-2.266,-16.443,-0.281,-0.789,-7.967,-5.329,-3.426,-16.443,14.332,-3.96,-1.379,1.648,0,10,0,-1.48,10.36,0,0,39,31,0.951,393
2026-06-02,SNDK,99,HEALTHY,Hold,1729.98,92.0,1,1,1,1,6.94,15.785,-2.559,2.17,0.985,-2.559,4.552,7.978,28.758,44.596,-6.468,10.706,9.89,3,1,0,-0.645,3.706,10,43,44,121,0.53,320
2026-06-02,NOK,95,HEALTHY,Hold,16.64,83.0,1,1,1,1,9.53,16.724,0.0,2.445,1.432,3.692,10.275,2.369,22.635,26.692,11.503,6.475,6.811,2,0,2,1.908,3.917,28,43,85,169,1.139,393
2026-06-02,SYNA,94,HEALTHY,Hold,142.31,88.0,1,1,1,1,6.522,14.185,-1.037,2.006,0.943,8.234,1.941,-1.037,22.558,51.337,2.24,4.815,7.025,1,5,1,2.572,6.317,1,36,33,43,0.556,393
2026-06-02,KGS,75,UNHEALTHY,-,66.53,28.0,0,0,1,1,-3.366,-3.79,-11.464,-0.964,-0.877,2.942,-2.411,-8.771,-11.335,-1.309,4.182,-5.119,-1.905,0,9,1,0.567,3.416,0,0,1,129,0.616,393
2026-06-02,BB,99,HEALTHY,REDUCE,9.77,,1,1,1,1,21.179,37.509,0.0,4.457,2.78,6.173,17.54,22.565,61.755,90.406,6.541,24.015,19.103,7,0,8,-1.44,10.174,43,43,42,35,1.612,393
2026-06-02,OKTA,96,HEALTHY,REDUCE,131.18,97.0,1,1,1,1,24.004,38.613,-3.198,4.877,3.325,-3.198,42.863,44.249,55.469,78.57,40.175,25.039,16.249,4,1,0,-7.003,5.905,13,22,22,11,1.635,393
2026-06-02,ALAB,97,HEALTHY,Hold,337.62,94.0,1,1,1,1,13.598,27.943,0.0,2.963,1.567,11.144,1.887,11.621,65.025,75.528,-11.893,17.329,16.553,9,0,1,1.415,9.535,17,40,37,36,0.852,393
2026-06-02,GOOG,75,UNHEALTHY,-,367.46,34.0,0,0,1,1,-5.048,-4.819,-10.187,-1.745,-1.886,-3.808,-7.182,-6.873,-8.832,-6.479,-8.958,-2.015,-0.264,0,13,0,-2.528,4.127,0,0,39,194,1.753,393
2026-06-02,DTM,43,UNHEALTHY,-,140.45,20.0,0,0,1,1,-1.699,-1.878,-6.452,-0.824,-0.766,2.19,-1.23,-5.533,-5.019,-4.13,4.058,-3.101,-1.106,0,6,1,-0.022,2.73,0,0,1,194,0.786,393
2026-06-02,TSLA,18,HEALTHY,Hold,420.96,68.0,0,1,1,1,-0.626,0.875,-13.501,0.301,-0.184,1.89,-4.153,-2.272,3.354,8.423,-7.93,1.157,1.639,0,13,1,0.563,2.542,0,1,22,9,0.737,393
2026-06-02,RKLB,92,HEALTHY,Hold,127.40,93.0,0,1,1,1,-6.311,0.503,-17.913,0.125,-0.673,0.76,-16.693,-13.883,-5.977,56.478,-25.731,3.667,7.664,0,4,1,2.41,4.736,0,1,36,194,0.621,393
2026-06-02,BE,91,HEALTHY,Hold,299.30,21.0,1,1,1,1,4.877,8.333,-1.634,0.966,0.555,10.727,4.427,0.149,17.062,4.244,8.553,0.347,2.42,0,7,1,2.515,8.588,1,1,38,194,1.273,393
2026-05-27,MU,99,HEALTHY,REDUCE,911.60,98.0,1,1,1,1,18.007,29.713,0.0,3.208,2.077,3.631,21.823,32.869,21.111,76.988,10.002,11.922,10.913,2,0,2,6.673,7.325,5,35,35,190,1.339,389
2026-05-27,QQQ,99,HEALTHY,Hold,728.46,69.0,1,1,1,1,1.987,4.18,-0.114,2.736,1.263,-0.114,2.091,3.98,3.14,9.819,0.868,1.887,2.073,5,1,0,0.367,1.08,5,37,35,35,0.89,389
2026-05-27,RKLB,99,HEALTHY,Hold,145.39,98.0,1,1,1,1,14.505,27.778,0.0,2.558,1.443,4.909,19.753,18.003,27.79,82.562,24.106,12.853,13.216,3,0,3,4.553,8.713,13,13,32,190,1.0,389
2026-05-27,HUT,98,HEALTHY,Hold,111.33,93.0,1,1,1,1,11.818,20.163,0.0,2.104,1.28,4.532,11.761,26.074,9.626,55.382,2.343,7.624,7.638,1,0,5,0.755,8.479,4,36,36,190,0.762,389
2026-05-27,CRWV,34,UNHEALTHY,-,101.59,,0,0,1,1,-2.494,-4.206,-43.202,-0.535,-0.312,-1.53,-3.077,4.468,-3.23,-6.952,-6.748,-3.002,-2.13,0,14,0,-0.737,5.706,0,0,5,5,0.838,292
2026-05-27,NOK,99,HEALTHY,Hold,15.91,95.0,1,1,1,1,6.868,14.258,-4.739,1.981,0.977,-4.739,10.578,14.704,19.058,46.364,7.376,8.282,7.527,0,1,0,-2.795,3.253,24,39,81,165,1.025,389
2026-05-27,MXL,89,HEALTHY,Hold,98.60,98.0,1,1,1,1,6.8,19.202,-1.144,1.419,0.527,5.181,1.435,6.578,9.975,95.741,-12.526,8.114,12.167,0,11,1,0.0,9.07,40,40,38,40,0.733,389
2026-05-27,AAOI,90,HEALTHY,Hold,186.00,81.0,1,1,1,1,0.696,3.664,-19.395,0.275,0.048,1.244,1.708,4.961,-4.488,23.357,-0.341,-1.248,1.438,0,9,1,-2.88,12.579,1,4,109,125,0.855,389
2026-05-27,LITE,78,UNHEALTHY,-,880.48,60.0,0,0,1,1,-2.687,-2.133,-14.318,-0.212,-0.292,-0.933,-6.448,1.373,-9.075,4.959,-15.433,-1.645,-0.121,0,11,0,-1.017,6.317,0,0,268,190,0.683,389
2026-05-27,ARM,98,HEALTHY,Hold,303.11,94.0,1,1,1,1,12.166,24.368,-5.762,2.87,1.537,-5.762,1.502,35.653,45.59,40.221,-37.132,25.046,17.11,5,1,0,-0.213,7.562,7,51,51,40,0.8,389
2026-05-27,BE,93,HEALTHY,Hold,290.16,86.0,1,1,1,1,1.708,6.725,-4.573,0.746,0.184,-2.844,-4.573,12.421,4.671,25.192,-23.579,5.929,5.725,0,3,0,-0.546,6.141,5,6,34,190,0.633,389
2026-05-27,AXTI,96,HEALTHY,Hold,121.96,99.0,1,1,1,1,1.669,10.437,-12.824,0.728,0.117,-7.413,1.446,8.762,-0.106,75.011,-12.853,8.01,9.048,0,2,0,0.664,14.987,4,35,193,190,0.841,389
2026-05-18,NBIS,98,HEALTHY,Hold,203.90,93.0,1,1,1,1,2.84,11.848,-9.627,1.149,0.282,-9.13,-3.575,7.394,13.286,27.186,-20.644,12.864,11.086,0,2,0,-1.123,14.005,12,12,34,70,1.185,383
2026-05-18,AXTI,94,HEALTHY,Hold,114.26,95.0,0,1,1,1,-5.09,4.951,-15.841,0.389,-0.369,-14.461,-13.167,-15.841,-0.113,28.246,-17.958,8.37,11.876,0,5,0,0.692,19.201,0,29,187,184,0.964,383
2026-05-18,SNDK,92,HEALTHY,Hold,1332.00,96.0,0,1,1,1,-2.581,5.891,-14.679,0.688,-0.286,-5.3,-7.892,-13.864,6.143,44.737,-0.525,3.262,7.981,0,6,0,1.709,12.203,0,33,34,111,0.905,310
2026-05-18,BE,88,HEALTHY,Hold,266.30,90.0,0,0,1,1,-5.999,-0.652,-14.733,0.0,-0.582,-6.248,-10.716,-8.879,-10.369,24.464,-21.722,2.468,5.428,0,2,0,-0.105,11.126,0,0,28,184,1.06,383
2026-05-18,LWLG,88,UNHEALTHY,-,12.22,,0,0,1,1,-20.88,-17.875,-36.371,-1.03,-1.295,-15.092,-36.371,-31.257,-26.599,-7.576,-47.235,-3.779,2.6,0,3,0,-2.198,17.688,0,0,59,184,1.001,383
2026-05-18,OSCR,49,HEALTHY,REDUCE,24.76,94.0,1,1,1,1,13.201,24.282,0.0,3.724,2.153,8.491,7.113,15.0,36.241,60.228,-3.727,14.172,12.534,9,0,2,-0.214,9.644,31,31,29,21,1.614,383
2026-05-18,DDOG,49,HEALTHY,Hold,209.19,97.0,1,1,1,1,9.445,21.951,0.0,3.218,1.486,0.404,1.71,3.213,42.355,64.932,-0.863,15.691,14.669,8,0,2,-1.366,3.651,24,24,24,12,0.828,383
2026-05-18,BAND,99,HEALTHY,Hold,55.62,99.0,1,1,1,1,13.563,32.478,0.0,3.102,1.449,3.669,9.684,12.012,24.278,143.155,7.439,15.667,19.554,23,0,4,0.38,7.113,25,26,57,44,0.654,383
2026-05-18,RKLB,98,HEALTHY,Hold,130.28,94.0,1,1,1,1,15.255,29.467,-1.049,2.987,1.688,5.121,5.646,11.768,63.317,54.67,-12.065,25.234,18.866,7,2,1,6.4,9.69,7,7,26,184,1.218,383
2026-05-18,AEHR,91,UNHEALTHY,-,85.62,81.0,0,0,1,1,-12.382,-7.737,-21.412,-0.555,-1.025,-16.01,-19.061,-20.075,-2.383,-0.346,-25.252,2.021,5.205,0,2,0,-0.523,22.078,0,0,34,184,1.274,383
2026-05-18,WULF,86,UNHEALTHY,-,20.93,,0,0,1,1,-6.555,-3.615,-17.871,-0.378,-0.795,-5.287,-8.564,-9.542,-5.159,2.422,-7.41,-0.748,2.229,0,8,0,-4.122,6.764,0,0,31,184,1.043,383
2026-05-18,AAOI,94,UNHEALTHY,-,170.99,82.0,0,1,1,1,-5.3,1.124,-22.34,0.116,-0.365,-8.983,-22.34,-6.295,0.162,8.681,-72.132,10.326,9.531,0,3,0,2.133,16.816,0,6,103,119,1.109,383
