symbol,day,pnl,win,tt,near_high,pocket,dryup,dist25,rs_newhi,mkt_a10,mkt_a21,mkt_dist25
CRWV.US,2026-03-31,-2.208906303873748,0,1,-62.33249809347423,0,0,1,0,0,0,4
CRWV.US,2026-04-01,-0.9400784733778308,0,1,-57.80041398845191,1,0,1,0,0,0,4
CRWV.US,2026-04-06,-1.461220040605755,0,1,-55.2020917311254,0,0,1,0,1,0,3
CRWV.US,2026-04-07,5.389607176609725,1,1,-55.91022987253513,0,0,0,0,1,1,3
CRWV.US,2026-04-09,-1.895217195259468,0,2,-51.57424556051857,0,0,0,0,1,1,2
CRWV.US,2026-04-10,7.357162697690309,1,2,-49.885608454079964,1,0,0,0,1,1,2
CRWV.US,2026-04-13,3.97336961533392,1,3,-44.43839198169736,1,0,0,1,1,1,1
CRWV.US,2026-04-15,-1.6325170747959317,0,4,-36.15862294367579,1,0,0,1,1,1,0
CRWV.US,2026-04-21,-1.097358024570216,0,4,-36.03333696481098,1,0,0,0,1,1,0
CRWV.US,2026-04-22,-1.7948610525076587,0,4,-37.26985510404184,0,1,0,0,1,1,0
CRWV.US,2026-04-23,-1.29387745151813,0,4,-33.249809347423465,1,0,0,1,1,1,0
CRWV.US,2026-04-28,0.3040033667577164,1,4,-38.95849221048044,0,0,0,0,1,1,0
CRWV.US,2026-04-29,4.340864416415235,1,4,-42.5155245669463,0,0,0,0,1,1,0
CRWV.US,2026-05-01,3.141363299438189,1,4,-39.20906416821005,0,0,0,0,1,1,0
RKLB.US,2025-01-27,0.6683264887063721,1,8,-3.83275261324042,0,0,0,0,1,1,2
RKLB.US,2025-02-03,-0.9841807782885184,0,8,-7.982261640798227,0,0,0,0,1,1,1
RKLB.US,2025-02-13,0.9127720299679,1,8,-12.5118783655369,0,0,0,0,1,1,1
RKLB.US,2025-02-19,-1.0273601517279882,0,8,-12.131770668356035,0,0,0,0,1,1,1
RKLB.US,2025-02-28,2.194386227544918,1,6,-37.18720304086158,0,0,1,0,0,0,4
RKLB.US,2025-03-05,-0.711920529801326,0,6,-39.83211910041178,0,0,1,0,0,0,4
RKLB.US,2025-03-11,-0.04999999999999,0,6,-45.77130186886285,0,0,1,0,0,0,6
RKLB.US,2025-03-14,-0.9165758165099706,0,6,-44.345898004434595,0,1,1,0,0,0,7
RKLB.US,2025-03-17,-1.2319376282884125,0,6,-40.41811846689895,0,1,1,0,0,0,7
RKLB.US,2025-03-20,-0.5865002683843106,0,6,-40.51314539119417,0,1,1,0,0,0,7
RKLB.US,2025-03-24,0.4969900497512441,1,6,-40.00633512828634,0,0,1,0,0,0,7
RKLB.US,2025-03-25,0.6451316443119838,1,6,-35.98352866645549,1,0,1,0,1,1,7
RKLB.US,2025-03-28,-1.386946082798234,0,6,-41.65346848273677,0,0,1,0,0,0,7
RKLB.US,2025-04-07,-1.2338409475465293,0,5,-48.146974976243264,0,0,1,0,0,0,6
RKLB.US,2025-04-09,1.079101178781931,1,5,-45.58124802027241,0,0,1,0,0,0,6
RKLB.US,2025-04-10,-2.571200811252921,0,6,-34.779854292049414,1,0,1,0,1,1,6
RKLB.US,2025-04-11,-0.151730279898215,0,6,-37.820715869496354,0,0,1,0,0,0,6
RKLB.US,2025-04-15,2.6328071824119723,1,6,-39.40449794108331,0,0,1,0,1,0,5
RKLB.US,2025-04-17,-1.0792984931619327,0,6,-36.72790624010136,0,0,1,0,0,0,4
RKLB.US,2025-04-28,1.9951795483155348,1,7,-29.10991447576814,0,0,1,0,1,1,4
RKLB.US,2025-04-29,-0.8605363571808667,0,7,-28.191320874247694,0,0,1,0,1,1,4
RKLB.US,2025-04-30,-0.93622885826966,0,6,-29.046563192904664,0,1,1,0,1,1,4
RKLB.US,2025-05-06,1.512448363853395,1,6,-28.79315806145074,0,1,1,0,1,1,4
RKLB.US,2025-05-12,-0.9922475195010576,0,5,-35.033259423503324,0,0,2,0,1,1,3
RKLB.US,2025-05-15,1.893326326852336,1,6,-23.566677225213816,1,0,1,0,1,1,1
RKLB.US,2025-05-19,1.3569993311111543,1,6,-19.005384859043396,0,0,1,1,1,1,0
RKLB.US,2025-05-20,-0.8210465695439292,0,6,-18.27684510611339,0,0,1,1,1,1,0
RKLB.US,2025-06-06,0.3664583333333378,1,6,-16.217928413050366,0,0,1,0,1,1,0
RKLB.US,2025-06-11,-1.1824091559123309,0,7,-13.937282229965152,0,0,1,0,1,1,0
RKLB.US,2025-06-16,1.1234945336742452,1,7,-19.512195121951216,0,0,1,0,0,1,0
RKLB.US,2025-06-18,-1.1909342827006255,0,7,-16.31295533734558,0,1,0,0,0,1,0
RKLB.US,2025-06-20,0.5861976549413666,1,8,-11.783338612606897,0,0,0,0,0,1,0
RKLB.US,2025-07-07,1.5696811291165935,1,8,-1.3281682346430679,0,1,1,0,1,1,0
RKLB.US,2025-07-09,1.2302497088886089,1,8,-0.36008230452675427,0,0,1,0,1,1,0
RKLB.US,2025-07-18,0.477904929577473,1,8,0.0,1,0,1,1,1,1,0
RKLB.US,2025-07-23,2.1736862223944704,1,8,-8.776026464292663,0,0,1,0,1,1,0
RKLB.US,2025-07-24,-0.1329977164210076,0,8,-4.358824674061101,0,1,1,0,1,1,0
RKLB.US,2025-07-29,-0.9283283388709797,0,8,-12.220276318349876,0,0,1,0,1,1,0
RKLB.US,2025-08-06,-0.388813559322031,0,8,-12.920801712395413,0,1,0,0,0,1,2
RKLB.US,2025-08-21,-0.2181850961538402,0,7,-20.82117143413116,0,0,0,0,0,0,3
RKLB.US,2025-08-29,1.6773312226916006,1,8,-6.771745475773505,0,0,0,0,1,1,3
RKLB.US,2025-09-08,0.9013007614213092,1,8,-10.799766491535312,0,0,1,0,1,1,3
RKLB.US,2025-09-15,-0.493763932130948,0,8,0.0,0,0,1,0,1,1,2
RKLB.US,2025-09-17,-1.082372844350807,0,8,-12.57401924500371,0,0,2,0,1,1,2
RKLB.US,2025-09-19,-1.0263911387445448,0,8,-12.694300518134716,0,0,2,0,1,1,2
RKLB.US,2025-09-23,-1.856312406272906,0,8,-7.827535159141375,0,0,2,0,1,1,2
RKLB.US,2025-09-25,-0.2852267864783827,0,8,-9.90007401924501,0,0,2,0,1,1,2
RKLB.US,2025-09-29,-1.0294481565005278,0,7,-14.396743153219838,0,1,2,0,1,1,2
RKLB.US,2025-09-30,1.3461269841269752,1,8,-13.008882309400448,0,1,2,0,1,1,2
RKLB.US,2025-10-03,0.2534738346133219,1,8,-2.905255366395265,1,0,2,0,1,1,2
RKLB.US,2025-10-06,0.4652061855670096,1,8,0.0,1,0,2,1,1,1,2
RKLB.US,2025-10-07,-1.2698811626786644,0,8,0.0,1,0,2,1,1,1,2
RKLB.US,2025-10-14,-1.334510146471739,0,8,-1.505570611261664,0,0,1,0,1,1,2
RKLB.US,2025-10-23,-1.1097893105324474,0,8,-12.566767720513926,0,0,0,0,1,1,2
RKLB.US,2025-10-27,-1.058888442682199,0,8,-6.799480294499771,0,1,0,0,1,1,2
RKLB.US,2025-11-05,-0.9736265012474988,0,7,-18.334055146528073,0,1,0,0,0,1,1
RKLB.US,2025-11-07,3.289869326740501,1,6,-28.381694817381252,0,0,0,0,0,0,1
RKLB.US,2025-11-10,-1.1703658568511006,0,6,-25.45113324671574,1,0,0,0,0,0,2
RKLB.US,2025-11-13,-0.4679247359154833,0,6,-27.861989317164713,0,0,1,0,1,1,2
RKLB.US,2025-11-24,-0.914608015902352,0,5,-41.82185650353688,0,0,1,0,0,0,3
RKLB.US,2025-11-26,-0.5244837408022778,0,6,-38.50151580770896,0,1,1,0,1,1,3
RKLB.US,2025-12-02,-0.572056030389359,0,5,-41.72080265627256,0,0,1,0,1,1,3
RKLB.US,2025-12-03,1.7885717288859249,1,5,-39.51205428035224,0,0,1,0,1,1,3
RKLB.US,2025-12-04,-1.041266690446959,0,6,-35.44102786198932,0,0,1,0,1,1,3
RKLB.US,2025-12-08,1.933752123438821,1,6,-29.182907463548435,0,0,1,0,1,1,3
RKLB.US,2025-12-09,1.9371679702478917,1,6,-25.566623357874974,1,0,1,0,1,1,3
RKLB.US,2025-12-11,0.9029636103607204,1,7,-16.962610076512185,1,0,1,0,1,1,3
RKLB.US,2025-12-18,0.167318949657145,1,6,-22.10192002309802,0,0,2,0,0,0,2
RKLB.US,2026-01-05,2.026035271064674,1,8,-2.01160541586074,0,0,2,0,0,0,0
RKLB.US,2026-01-12,1.3591107316735656,1,8,-1.3716145530628943,0,0,2,0,1,1,0
RKLB.US,2026-01-13,-1.2755854884940794,0,8,0.0,0,0,2,1,1,1,0
RKLB.US,2026-01-27,0.5858877964141153,1,7,-16.42782969885773,0,0,0,0,1,1,1
RKLB.US,2026-01-28,-1.821530753241053,0,8,-9.657320872274145,0,1,0,0,1,1,1
RKLB.US,2026-01-29,-1.290261677199969,0,8,-8.026998961578402,0,1,0,0,1,1,1
RKLB.US,2026-02-03,2.8689601416891137,1,7,-23.001038421599162,0,0,0,0,1,1,2
RKLB.US,2026-02-06,1.1953520929581285,1,6,-31.1318795430945,0,0,0,0,0,0,5
RKLB.US,2026-02-17,-1.379827598368308,0,6,-29.96884735202492,0,1,0,0,0,0,6
RKLB.US,2026-02-19,0.8507826499420368,1,6,-22.72066458982347,0,0,0,0,0,0,6
RKLB.US,2026-02-23,-1.0000132432483304,0,6,-26.417445482866043,0,0,0,0,1,0,6
RKLB.US,2026-02-24,0.5825039551272917,1,6,-27.09241952232607,0,0,0,0,0,0,6
RKLB.US,2026-03-02,-1.5903787048598332,0,6,-28.24506749740395,0,0,0,0,0,0,6
RKLB.US,2026-03-05,0.6835515901568694,1,6,-25.32710280373832,0,0,0,0,1,1,7
RKLB.US,2026-03-09,1.3681328036322504,1,6,-27.196261682242984,0,0,0,0,0,0,8
RKLB.US,2026-03-16,2.01763762352079,1,6,-28.961578400830735,0,0,0,0,0,0,5
RKLB.US,2026-03-23,-0.4161172161172041,0,6,-30.186915887850464,0,0,2,0,0,0,4
RKLB.US,2026-03-31,-0.2674176507147351,0,5,-40.415368639667705,0,0,2,0,0,0,4
RKLB.US,2026-04-02,1.5543579357936033,1,6,-31.96261682242991,0,0,2,0,1,0,4
RKLB.US,2026-04-06,-1.0776695479209617,0,6,-29.667705088265826,0,0,2,0,1,0,3
RKLB.US,2026-04-14,-0.1053279822861886,0,7,-26.66666666666666,0,0,2,0,1,1,0
RKLB.US,2026-04-16,1.114406831351034,1,7,-23.572170301142272,0,0,2,0,1,1,0
RKLB.US,2026-04-20,1.0570411392404933,1,8,-11.94184839044652,1,0,2,1,1,1,0
RKLB.US,2026-04-22,0.4184110689578306,1,8,-10.031152647975073,0,0,2,0,1,1,0
RKLB.US,2026-04-27,1.945384687982752,1,7,-17.258566978193134,0,0,1,0,1,1,0
RKLB.US,2026-04-29,1.2381509731719982,1,7,-18.39044652128764,0,1,0,0,1,1,0
OKLO.US,2025-02-10,-3.433394534661921,0,8,0.0,0,0,1,1,0,1,1
OKLO.US,2025-04-03,0.2247136967476076,1,5,-59.09172823932241,0,0,0,0,0,0,5
OKLO.US,2025-04-16,-3.14401076716015,0,5,-58.55109028653811,0,1,0,0,1,0,4
OKLO.US,2025-05-06,7.2519245875883795,1,5,-54.09983780861417,0,1,0,0,1,1,4
OKLO.US,2025-07-03,0.3047636839155586,1,7,-24.547993532265178,0,1,1,0,1,1,0
OKLO.US,2025-07-10,1.7295796622613977,1,7,-20.726150227840655,0,1,1,0,1,1,0
OKLO.US,2025-07-14,7.781824109975329,1,7,-17.565779803028082,0,0,1,0,1,1,0
OKLO.US,2025-07-18,-1.955917542321244,0,8,-1.2641481699250279,0,0,1,0,1,1,0
OKLO.US,2025-08-22,5.587763380783973,1,7,-20.09751456772506,0,0,0,0,0,0,3
OKLO.US,2025-08-25,-0.4833496503496545,0,7,-16.303960042811283,0,0,0,0,1,1,3
OKLO.US,2025-08-27,-1.8533771547387368,0,8,-11.63039600428113,1,0,0,0,1,1,3
OKLO.US,2025-10-01,2.369498188885956,1,7,-21.74553101997898,0,0,1,0,1,1,2
OKLO.US,2025-10-02,4.577160699417162,1,7,-18.731160182264283,0,0,1,0,1,1,2
OKLO.US,2025-10-08,-3.873224043715849,0,8,-5.979670522257274,0,0,1,0,1,1,1
OKLO.US,2025-11-26,-0.8590402933679189,0,6,-50.74652578385207,0,0,0,0,1,1,3
OKLO.US,2025-12-01,-1.7924642897311798,0,6,-47.52497990122889,0,1,0,0,1,1,3
OKLO.US,2025-12-10,-2.284062196307098,0,6,-40.318134834041565,0,1,0,0,1,1,3
OKLO.US,2026-01-06,-0.2482513832341654,0,5,-48.696451131273676,1,0,0,0,1,1,0
OKLO.US,2026-01-08,-2.5592910793291344,0,6,-43.9531411507982,1,0,0,0,1,1,0
OKLO.US,2026-01-28,6.827552171460839,1,4,-51.033651085333645,0,0,0,0,1,1,1
OKLO.US,2026-02-13,1.1245783726338754,1,3,-63.29390145859652,0,1,0,0,0,0,6
OKLO.US,2026-03-03,0.354270758981674,1,3,-62.857471000344546,0,0,0,0,0,0,6
OKLO.US,2026-03-04,0.424204162840526,1,3,-63.649936832433674,0,0,0,0,0,0,7
OKLO.US,2026-03-10,-1.8903492063491925,0,3,-64.52279774893763,0,0,0,0,1,0,8
OKLO.US,2026-03-11,-3.0248897637795187,0,3,-64.75249799012288,0,0,0,0,1,0,8
OKLO.US,2026-04-22,6.30698443008226,1,3,-64.04616974847823,0,0,2,0,1,1,0
INTC.US,2025-01-31,-1.7831025022671791,0,0,-56.19047619047619,1,0,0,0,1,1,1
INTC.US,2025-02-04,0.066048604112113,1,0,-57.56978653530378,0,0,1,0,0,0,1
INTC.US,2025-02-06,-1.4676080963030194,0,0,-56.97865353037768,0,0,1,0,1,1,1
INTC.US,2025-02-10,1.5958841566870874,1,0,-58.18281335522715,0,0,1,0,0,1,1
INTC.US,2025-02-11,2.9184007848691804,1,0,-56.7159277504105,0,0,1,0,1,1,1
INTC.US,2025-02-13,2.147896347177911,1,1,-50.782703886152156,1,0,1,0,1,1,1
INTC.US,2025-02-14,-1.4829311728500436,0,3,-47.170224411603726,1,0,1,0,1,1,1
INTC.US,2025-02-18,7.684469453584917,1,2,-48.33059660645866,0,0,2,0,1,1,1
INTC.US,2025-02-20,-0.7444664764391771,0,4,-43.68910782703887,0,0,2,0,1,1,1
INTC.US,2025-02-21,-0.523092323687958,0,4,-42.87903667214012,0,0,2,0,1,1,1
INTC.US,2025-02-24,-1.359279421535214,0,4,-45.55008210180623,0,0,2,0,0,0,2
INTC.US,2025-02-26,0.2837889633928327,1,2,-49.66611932129174,0,0,2,0,0,0,3
INTC.US,2025-02-27,-1.6375131901603068,0,2,-48.50574712643678,0,1,2,0,0,0,3
INTC.US,2025-03-07,-2.224455679361853,0,0,-54.57033388067871,0,0,2,0,0,0,5
INTC.US,2025-03-10,-0.8359523578092892,0,0,-54.8111658456486,0,1,2,0,0,0,5
INTC.US,2025-03-13,-1.2664226685656232,0,0,-53.81248045740832,0,0,1,0,0,0,7
INTC.US,2025-03-14,-2.0254846669929227,0,3,-47.06749452807433,1,0,1,0,0,0,7
INTC.US,2025-03-17,0.9016034542194468,1,4,-45.41658155738635,0,0,1,0,0,0,7
INTC.US,2025-03-20,0.1927667392758431,1,4,-45.257710900796624,0,0,1,0,0,0,7
INTC.US,2025-03-21,2.23898807820306,1,4,-45.62084383014457,0,1,1,0,0,0,7
INTC.US,2025-03-25,-1.145487178430063,0,5,-45.03075281995416,0,1,0,0,1,1,7
INTC.US,2025-03-26,-0.6135221511185424,0,5,-45.07614443612265,0,1,0,0,1,1,7
INTC.US,2025-03-28,-0.6124770022000494,0,4,-46.39250130500896,0,1,0,0,0,0,7
INTC.US,2025-04-03,-2.4120272585979934,0,1,-49.4561593119783,0,1,0,0,0,0,5
INTC.US,2025-04-10,-1.134311245533017,0,1,-43.245024383814425,1,0,1,0,1,1,6
INTC.US,2025-04-15,-1.2047674860038482,0,1,-43.482858414959935,0,0,1,0,1,0,5
INTC.US,2025-04-22,1.7514996091095831,1,1,-45.78105214688615,0,1,1,0,0,0,4
INTC.US,2025-04-24,1.838246476116817,1,1,-40.74479106711178,0,0,1,0,1,0,4
INTC.US,2025-04-25,0.7543260562877645,1,1,-38.15471394037067,0,0,1,0,1,1,4
INTC.US,2025-04-28,0.6855049133909832,1,1,-42.298837343156436,0,0,1,0,1,1,4
INTC.US,2025-04-29,-0.6130097093786034,0,1,-40.975020145044304,0,0,1,0,1,1,4
INTC.US,2025-04-30,-1.4326212177072473,0,1,-41.2987012987013,0,1,1,0,1,1,4
INTC.US,2025-05-02,-1.0285708417806765,0,0,-42.33766233766233,0,1,1,0,1,1,4
INTC.US,2025-05-05,-0.7101384563032234,0,0,-40.490620490620486,0,1,1,0,1,1,4
INTC.US,2025-05-06,-1.3921894774005967,0,0,-41.500721500721504,0,1,1,0,1,1,4
INTC.US,2025-05-08,-0.5981454772494944,0,0,-41.38528138528139,0,1,1,0,1,1,4
INTC.US,2025-05-12,-0.1900312242435982,0,0,-38.18181818181817,0,1,1,0,1,1,3
INTC.US,2025-05-13,0.1441958425364201,1,3,-35.98845598845599,1,0,0,0,1,1,2
INTC.US,2025-05-14,-0.6575524472637423,0,4,-34.891774891774894,1,0,0,0,1,1,2
INTC.US,2025-05-15,1.09631730272456,1,2,-37.89321789321789,0,0,0,0,1,1,1
INTC.US,2025-05-21,-0.8220964620956496,0,1,-38.61471861471861,0,1,0,0,1,1,0
INTC.US,2025-06-02,-0.6637779109418986,0,1,-43.57864357864357,0,0,1,0,1,1,0
INTC.US,2025-06-04,-0.7107353635483391,0,1,-41.44300144300145,0,0,1,0,1,1,0
INTC.US,2025-06-05,-1.3182433173656969,0,1,-41.55844155844156,0,0,1,0,1,1,0
INTC.US,2025-06-06,-1.179420113126129,0,0,-42.308802308802306,0,0,1,0,1,1,0
INTC.US,2025-06-09,-1.209414607037382,0,0,-42.106782106782106,0,0,1,0,1,1,0
INTC.US,2025-06-10,-0.4358876168913814,0,0,-40.894660894660895,0,0,1,0,1,1,0
INTC.US,2025-06-12,0.7684929328837649,1,1,-40.317460317460316,0,0,2,0,1,1,0
INTC.US,2025-06-13,-0.7347010756596442,0,1,-40.05772005772006,0,0,2,0,1,1,0
INTC.US,2025-06-17,-0.2916967619836897,0,1,-40.144300144300146,0,0,2,0,1,1,0
INTC.US,2025-06-20,-0.7661034968834145,0,3,-37.97979797979798,0,0,2,0,0,1,0
INTC.US,2025-06-23,-1.0627854854894858,0,2,-39.16305916305917,0,0,3,0,0,1,0
INTC.US,2025-06-24,4.56004302327835,1,2,-38.845598845598836,0,0,3,0,1,1,0
INTC.US,2025-06-25,-0.9142927985225126,0,4,-34.92063492063492,0,0,3,0,1,1,0
INTC.US,2025-06-26,-0.255835078448284,0,4,-35.930735930735935,0,0,3,0,1,1,0
INTC.US,2025-07-01,1.5940247420461766,1,4,-35.35353535353536,0,0,3,0,1,1,0
INTC.US,2025-07-02,-0.232854747792396,0,5,-34.054834054834046,0,0,3,0,1,1,0
INTC.US,2025-07-03,1.39230668974373,1,4,-36.85425685425685,0,0,3,0,1,1,0
INTC.US,2025-07-07,-0.3470605601179466,0,4,-35.0937950937951,0,1,3,0,1,1,0
INTC.US,2025-07-08,3.632529897553984,1,4,-36.5079365079365,0,0,3,0,1,1,0
INTC.US,2025-07-09,-0.8260299093719439,0,5,-31.919191919191913,0,0,2,0,1,1,0
INTC.US,2025-07-15,-0.5644050333244168,0,6,-32.75613275613275,0,1,2,0,1,1,0
INTC.US,2025-07-17,0.2518107143611457,1,6,-34.51659451659451,0,0,2,0,1,1,0
INTC.US,2025-07-18,-1.399566797961635,0,6,-34.19913419913419,0,1,2,0,1,1,0
INTC.US,2025-07-21,-1.527394363934994,0,6,-33.33333333333333,0,0,1,0,1,1,0
INTC.US,2025-07-22,-1.1017213816816656,0,6,-32.871572871572866,0,0,1,0,1,1,0
INTC.US,2025-07-25,-1.0399022442940171,0,5,-30.88388003176348,0,0,2,0,1,1,0
INTC.US,2025-07-28,-1.7384343245538871,0,2,-34.285714285714285,0,0,3,0,1,1,0
INTC.US,2025-07-29,-0.5095739636211725,0,2,-33.61581920903956,0,0,2,0,1,1,0
INTC.US,2025-07-30,-0.775377183240647,0,2,-34.482537236774526,0,0,2,0,1,1,0
INTC.US,2025-08-05,2.0223575617350726,1,1,-32.44881698825649,0,0,2,0,1,1,2
INTC.US,2025-08-07,-1.653567193199235,0,1,-25.48375319459657,0,0,2,0,1,1,2
INTC.US,2025-08-11,-0.9156564849179644,0,1,-27.163198247535604,0,0,3,0,1,1,2
INTC.US,2025-08-14,8.133819151469565,1,4,-18.87550200803213,0,0,3,0,1,1,2
INTC.US,2025-08-19,4.683771442291528,1,6,-13.618108798831695,0,0,4,0,1,1,2
INTC.US,2025-08-22,3.922870779375419,1,6,-14.202263599853959,0,0,4,0,0,0,3
INTC.US,2025-08-28,-0.5550391637347954,0,6,-9.273457466228551,0,1,4,0,1,1,3
INTC.US,2025-08-29,-1.0819164139093835,0,7,-8.981380065717415,0,1,3,0,1,1,3
INTC.US,2025-09-09,-0.9095128286747874,0,8,-10.624315443592547,0,1,2,0,1,1,2
INTC.US,2025-09-10,-1.874158783373186,0,8,-10.770354143848115,0,1,2,0,1,1,2
INTC.US,2025-09-11,-0.7109595049569885,0,8,-9.56553486673969,0,1,2,0,1,1,2
INTC.US,2025-09-15,1.6858121175697338,1,8,-12.084702446148231,0,1,1,0,1,1,2
INTC.US,2025-09-16,-1.1372508633861842,0,8,-9.56553486673969,1,0,1,0,1,1,2
INTC.US,2025-09-23,0.2005834222229864,1,8,-5.920837422309444,0,0,2,0,1,1,2
INTC.US,2025-09-24,4.555131083469339,1,8,-4.023552502453387,0,0,1,0,1,1,2
INTC.US,2025-10-01,6.193664480980438,1,8,-5.4929577464788775,0,0,1,0,1,1,2
INTC.US,2025-10-02,-1.2081036575444897,0,8,0.0,0,0,1,1,1,1,2
INTC.US,2025-10-03,-0.8894656991841398,0,8,0.0,0,0,1,1,1,1,2
INTC.US,2025-10-06,-1.9328574888901848,0,8,-1.2600536193029477,0,0,1,0,1,1,2
INTC.US,2025-10-07,-1.7627570629431513,0,8,-1.9034852546916725,0,0,1,0,1,1,2
INTC.US,2025-10-10,-2.532827954363756,0,8,0.0,0,1,1,1,1,1,1
INTC.US,2025-10-13,-0.536671554932915,0,8,-3.783068783068788,0,0,1,0,0,0,2
INTC.US,2025-10-15,-0.7858882972685379,0,8,-5.7407407407407245,0,0,1,0,0,1,2
INTC.US,2025-10-20,-0.3092743832379169,0,8,-2.0899470899470862,0,0,1,0,1,1,2
INTC.US,2025-10-23,4.015986549699245,1,8,-3.147953830010486,0,0,1,0,1,1,2
INTC.US,2025-10-24,-0.8462153385458476,0,8,0.0,0,0,1,1,1,1,2
INTC.US,2025-10-27,-0.3016664307926782,0,8,0.0,1,0,0,0,1,1,2
INTC.US,2025-10-28,2.5166561764830595,1,8,0.0,1,0,0,1,1,1,2
INTC.US,2025-11-07,-1.7506448362071398,0,8,-10.329882013002646,0,0,0,0,0,0,1
INTC.US,2025-11-10,-0.883058317137166,0,8,-8.186852877437989,0,0,0,0,0,0,2
INTC.US,2025-11-19,1.6958757501504405,1,6,-17.33686491692753,0,1,0,0,0,0,2
INTC.US,2025-11-20,-1.3603456088741068,0,6,-15.458704550927049,0,1,0,0,0,0,2
INTC.US,2025-11-21,-1.0463092905885492,0,6,-19.046472429568993,0,0,0,0,0,0,3
INTC.US,2025-11-24,-0.7840017223912741,0,6,-16.92752227305563,1,0,0,0,0,0,3
INTC.US,2025-11-25,-0.1561525847483951,0,7,-13.821333975439442,1,0,0,0,1,0,3
INTC.US,2025-11-26,0.4869747118516339,1,7,-13.725018059234294,0,0,0,0,1,1,3
INTC.US,2025-11-28,7.052735191189097,1,8,-11.365278112208044,0,0,0,0,1,1,3
INTC.US,2025-12-02,6.909285386848691,1,8,-3.6600048157958143,0,0,0,0,1,1,3
INTC.US,2025-12-05,-0.6612940768113609,0,8,-7.449725776965266,0,0,0,0,1,1,3
INTC.US,2025-12-08,-0.9528625304223244,0,8,-5.3702010968921465,0,0,0,0,1,1,3
INTC.US,2025-12-12,-1.279234230285792,0,8,-9.712065813528337,0,1,0,0,1,1,3
INTC.US,2025-12-16,-0.97301719902759,0,7,-14.282449725776969,0,0,0,0,0,0,2
INTC.US,2025-12-19,-0.5052788726004667,0,6,-17.09323583180986,0,0,0,0,0,0,2
INTC.US,2025-12-23,-1.2871245022209334,0,6,-16.88756855575868,0,1,0,0,1,1,2
INTC.US,2025-12-24,1.0457568418587977,1,6,-16.93327239488116,0,1,0,0,1,1,2
INTC.US,2025-12-29,1.1269168782519463,1,6,-17.276051188299814,0,1,0,0,1,1,1
INTC.US,2025-12-30,0.7100503802152985,1,6,-16.17915904936015,0,1,0,0,1,1,0
INTC.US,2026-01-02,2.2897547586061475,1,6,-15.676416819012795,0,0,0,0,0,0,0
INTC.US,2026-01-07,3.142144113218311,1,8,-8.50091407678245,0,0,0,0,1,1,0
INTC.US,2026-01-09,6.655274261380977,1,8,-6.055758683729429,0,0,0,0,1,1,0
INTC.US,2026-01-12,-1.2871030852286656,0,8,0.0,1,0,0,1,1,1,0
INTC.US,2026-01-15,-0.9966972655608248,0,8,0.0,1,0,0,1,0,0,0
INTC.US,2026-01-20,1.3611873545049569,1,8,-3.6124794745484357,0,0,0,0,0,1,0
INTC.US,2026-01-21,5.050934505610159,1,8,-0.3284072249589376,1,0,0,1,0,0,1
INTC.US,2026-01-27,-0.9386842771035482,0,7,-21.778350515463917,0,0,1,0,1,1,1
INTC.US,2026-01-28,1.66109184898529,1,7,-19.127393225331367,0,0,1,0,1,1,1
INTC.US,2026-01-29,-1.141877955473652,0,8,-10.198821796759939,0,0,1,0,1,1,1
INTC.US,2026-02-02,4.592909465473218,1,8,-14.451399116347574,0,0,1,0,0,0,2
INTC.US,2026-02-03,-0.7650899781153746,0,8,-10.143593519882177,0,0,1,0,1,1,2
INTC.US,2026-02-05,-1.9503359662520263,0,8,-10.530191458026506,0,0,1,0,0,0,4
INTC.US,2026-02-06,1.873483737873058,1,8,-11.19293078055964,0,0,1,0,0,0,5
INTC.US,2026-02-11,-1.3072949115773604,0,8,-13.236377025036816,0,0,1,0,0,0,5
INTC.US,2026-02-12,-0.6835514018496555,0,8,-11.10088365243005,0,0,1,0,0,0,5
INTC.US,2026-02-13,-0.92467344429024,0,8,-14.432989690721653,0,1,1,0,0,0,6
INTC.US,2026-02-17,-1.3575176439159349,0,8,-13.86229749631812,0,1,1,0,0,0,6
INTC.US,2026-02-23,-0.4303402595807115,0,7,-18.7960235640648,0,0,1,0,1,0,6
INTC.US,2026-02-27,1.1194247527811834,1,7,-16.310751104565536,0,0,1,0,1,0,6
INTC.US,2026-03-02,0.8307957822331236,1,7,-16.03460972017673,0,0,1,0,0,0,6
INTC.US,2026-03-05,0.7109981648052865,1,7,-16.08983799705449,1,0,0,0,1,1,7
INTC.US,2026-03-06,-2.337179525536549,0,7,-15.408689248895424,0,0,0,0,1,0,8
INTC.US,2026-03-09,6.398828812530834,1,6,-20.06627393225331,0,0,0,0,0,0,8
INTC.US,2026-03-10,0.4799900630205325,1,7,-16.08983799705449,0,0,0,0,1,0,8
INTC.US,2026-03-11,0.95207240524642,1,8,-13.88070692194403,1,0,0,0,1,0,8
INTC.US,2026-03-13,-0.8015711215164718,0,6,-16.697349042709863,0,0,0,0,0,0,6
INTC.US,2026-03-16,-1.2745174442481733,0,6,-15.740058910162002,0,0,0,0,0,0,5
INTC.US,2026-03-18,-0.3485138227086317,0,6,-18.888070692194404,0,0,0,0,1,0,5
INTC.US,2026-03-24,0.2641503849442158,1,6,-18.980117820324004,0,0,1,0,0,0,4
INTC.US,2026-03-31,4.866536760164175,1,6,-24.171575846833584,0,0,1,0,0,0,4
INTC.US,2026-04-01,3.320400523252608,1,6,-18.75920471281296,0,0,1,0,0,0,4
INTC.US,2026-04-02,6.664501806530254,1,8,-11.57952871870398,0,0,1,0,1,0,4
INTC.US,2026-04-06,-2.477153286722588,0,8,-7.253313696612662,0,0,1,0,1,0,3
INTC.US,2026-04-07,-2.7159285632325987,0,8,-6.516936671575846,0,0,1,1,1,1,3
INTC.US,2026-04-08,5.9192076623558805,1,8,-2.5957290132547883,1,0,1,1,1,1,3
INTC.US,2026-04-09,3.2802526709844457,1,8,0.0,1,0,1,1,1,1,2
INTC.US,2026-04-10,1.16501814028052,1,8,0.0,1,0,1,1,1,1,2
INTC.US,2026-04-13,1.2814430849001506,1,8,0.0,1,0,1,1,1,1,1
INTC.US,2026-04-16,3.794227563906509,1,8,-0.3682111077017658,0,0,1,0,1,1,0
INTC.US,2026-04-17,-1.1975940611449345,0,8,0.0,0,0,1,1,1,1,0
INTC.US,2026-04-21,-1.2871163942686903,0,8,-4.087591240875909,0,0,1,0,1,1,0
INTC.US,2026-04-23,-0.7686250582874522,0,8,-4.71532846715329,0,0,1,0,1,1,0
INTC.US,2026-04-24,-3.350964260264973,0,8,-2.510948905109489,1,0,1,0,1,1,0
INTC.US,2026-04-27,-2.720240679472046,0,8,0.0,1,0,1,1,1,1,0
INTC.US,2026-04-28,3.151292805512814,1,8,0.0,1,0,0,1,1,1,0
INTC.US,2026-04-29,7.691333240029981,1,8,-0.5530062360277643,0,0,0,1,1,1,0
INTC.US,2026-05-01,4.209874120531376,1,8,-0.28496042216358264,0,0,0,0,1,1,0
IREN.US,2025-01-30,-2.0174173949493523,0,5,-35.152696556205335,0,0,2,0,0,1,1
IREN.US,2025-02-03,10.44850245684612,1,6,-33.593242365172195,0,0,2,0,1,1,1
IREN.US,2025-02-04,-2.881284141133436,0,6,-30.604288499025344,0,0,2,0,0,0,1
IREN.US,2025-02-05,-2.4526685932396024,0,6,-30.604288499025344,0,0,2,0,1,1,1
IREN.US,2025-02-06,-4.889388144281685,0,6,-28.07017543859649,0,0,2,0,1,1,1
IREN.US,2025-02-07,-3.7910362088032015,0,6,-24.691358024691358,0,0,2,0,1,1,1
IREN.US,2025-02-10,0.3683314592703608,1,7,-18.973359324236515,0,0,2,0,0,1,1
IREN.US,2025-02-12,6.637647700599988,1,7,-19.298245614035093,0,1,2,0,1,1,1
IREN.US,2025-02-19,-1.2300410880532475,0,7,-15.724496426250811,0,0,2,0,1,1,1
IREN.US,2025-02-25,-1.916314569987721,0,5,-33.983105912930476,0,0,2,0,0,0,2
IREN.US,2025-02-26,-1.3967571067998357,0,3,-42.94996751137102,0,0,3,0,0,0,3
IREN.US,2025-02-27,-0.8937075162759172,0,3,-44.834307992202724,0,0,2,0,0,0,3
IREN.US,2025-03-13,-1.351307644716258,0,3,-54.256010396361276,0,1,1,0,0,0,7
IREN.US,2025-03-14,-2.017008553292635,0,3,-56.14035087719298,0,0,1,0,0,0,7
IREN.US,2025-03-19,5.234873419179236,1,3,-57.17998700454841,0,0,1,0,0,0,7
IREN.US,2025-03-20,0.1083197108881357,1,3,-53.216374269005854,0,0,1,0,0,0,7
IREN.US,2025-03-24,1.6851600672198843,1,3,-53.54126055880442,0,1,1,0,0,0,7
IREN.US,2025-04-02,2.4771377588899086,1,1,-56.85510071474984,1,0,0,0,0,0,5
IREN.US,2025-04-03,-2.9909482557756264,0,1,-56.07537361923327,1,0,0,0,0,0,5
IREN.US,2025-04-07,7.192024425743342,1,1,-61.403508771929815,0,0,1,0,0,0,6
IREN.US,2025-04-09,-0.3832204880546239,0,0,-65.56205328135152,0,0,1,0,0,0,6
IREN.US,2025-04-11,-2.419058327978852,0,1,-64.32748538011697,0,0,1,0,0,0,6
IREN.US,2025-04-16,2.910220972376351,1,2,-64.58739441195583,0,0,1,0,1,0,4
IREN.US,2025-04-17,-2.256066211498547,0,2,-64.45743989603639,0,0,1,0,0,0,4
IREN.US,2025-04-21,-2.20310897182987,0,2,-63.677712800519814,0,1,1,0,0,0,4
IREN.US,2025-04-22,2.262551156854005,1,2,-64.19753086419753,0,0,1,0,0,0,4
IREN.US,2025-05-02,-0.7942360865899082,0,2,-58.609486679662126,1,0,1,0,1,1,4
IREN.US,2025-05-06,5.585418672777434,1,2,-59.77907732293697,0,1,1,0,1,1,4
IREN.US,2025-05-09,-2.7884782821053884,0,3,-55.230669265756994,1,0,1,0,1,1,4
IREN.US,2025-05-12,-2.9353969879746424,0,3,-54.256010396361276,1,0,1,0,1,1,3
IREN.US,2025-05-13,-0.4199373727613893,0,3,-51.20207927225471,1,0,0,0,1,1,2
IREN.US,2025-05-16,3.980126273496932,1,3,-49.64262508122157,0,0,0,0,1,1,1
IREN.US,2025-05-21,4.483699326807219,1,3,-44.05458089668617,0,0,0,1,1,1,0
IREN.US,2025-05-22,-1.3739145305137073,0,3,-42.23521767381416,1,0,0,1,1,1,0
IREN.US,2025-06-02,-0.9924460045141004,0,3,-45.484080571799865,0,0,0,0,1,1,0
IREN.US,2025-06-04,-1.6264363573730864,0,3,-42.23521767381416,0,0,0,0,1,1,0
IREN.US,2025-06-06,4.173848904424808,1,3,-41.84535412605589,0,0,0,0,1,1,0
IREN.US,2025-06-11,1.979238329299207,1,6,-31.838856400259907,0,0,0,1,1,1,0
IREN.US,2025-06-13,-4.094389407114775,0,6,-33.91812865497076,0,0,1,0,1,1,0
IREN.US,2025-06-20,-2.3386066070606057,0,6,-36.32228719948017,0,0,1,0,0,1,0
IREN.US,2025-06-24,2.749249261287355,1,6,-30.734243014944774,0,0,1,1,1,1,0
IREN.US,2025-07-01,3.2210150013188854,1,7,-5.3281351526965555,1,0,1,1,1,1,0
IREN.US,2025-07-02,-3.8323400938287455,0,7,-1.0396361273554255,1,0,1,1,1,1,0
IREN.US,2025-07-03,-2.821187867693577,0,7,0.0,1,0,1,1,1,1,0
IREN.US,2025-07-08,-2.6030762771767058,0,7,0.0,1,0,1,1,1,1,0
IREN.US,2025-07-14,-0.646166125570304,0,8,-4.697592483852031,0,0,1,0,1,1,0
IREN.US,2025-07-16,-4.132043489968229,0,8,-2.314814814814825,0,1,1,0,1,1,0
IREN.US,2025-07-21,-2.22661420753165,0,7,-0.6094182825484684,0,0,0,0,1,1,0
IREN.US,2025-08-07,-2.7540427448337303,0,7,-3.528172722485512,0,0,0,0,1,1,2
IREN.US,2025-08-12,-2.141638772966002,0,7,-5.371248025276465,0,0,0,0,1,1,2
IREN.US,2025-08-14,2.926343405326353,1,7,-6.635071090047385,0,1,0,0,1,1,2
IREN.US,2025-08-20,-1.5477768362195583,0,7,-9.53875875392416,0,0,0,0,0,1,2
IREN.US,2025-08-21,0.7226957802622096,1,7,-4.564114948080156,0,0,0,0,0,0,3
IREN.US,2025-08-26,-0.7475302970813691,0,7,0.0,1,0,0,1,0,1,3
IREN.US,2025-08-29,-6.161931310738867,0,7,-0.34602076124568004,1,0,0,0,1,1,3
IREN.US,2025-09-02,11.463796656673594,1,7,0.0,1,0,0,1,0,1,3
IREN.US,2025-09-04,-2.260908552815779,0,7,-3.091721058055641,0,0,0,0,0,1,4
IREN.US,2025-09-10,5.400429197166128,1,8,0.0,1,0,0,1,1,1,2
IREN.US,2025-09-15,6.592962999079652,1,8,0.0,0,1,0,0,1,1,2
IREN.US,2025-09-17,-1.506216254279682,0,8,-1.8578352180936952,0,0,0,0,1,1,2
IREN.US,2025-09-19,3.3365796020474785,1,8,-4.168865435356195,0,0,0,0,1,1,2
IREN.US,2025-09-23,-2.4439479928114296,0,8,0.0,1,0,0,1,1,1,2
IREN.US,2025-09-24,3.5691303237758847,1,8,-0.31026252983292757,0,0,0,1,1,1,2
IREN.US,2025-09-25,-2.078388931924777,0,8,0.0,1,0,0,1,1,1,2
IREN.US,2025-09-29,-2.9771785239329263,0,8,-11.200678829019939,0,0,1,0,1,1,2
IREN.US,2025-09-30,2.9718722892013343,1,8,-2.566822231650401,0,0,1,0,1,1,2
IREN.US,2025-10-01,-1.4438968856378875,0,8,-0.4454815443360238,0,0,1,0,1,1,2
IREN.US,2025-10-03,-2.945852104462688,0,8,-0.2545608824777168,0,0,1,0,1,1,2
IREN.US,2025-10-06,1.875823522107918,1,8,0.0,0,0,1,1,1,1,2
IREN.US,2025-10-10,-2.5147813723799888,0,8,0.0,0,0,1,1,1,1,1
IREN.US,2025-10-15,-0.993410505479518,0,8,0.0,0,0,2,1,0,1,2
IREN.US,2025-10-17,-2.497551224387793,0,8,-11.11270845313399,0,0,2,0,0,1,2
IREN.US,2025-10-22,-1.2048353703332568,0,7,-20.65123634272571,0,0,2,0,1,1,2
IREN.US,2025-10-23,5.161910705817372,1,7,-25.48878665899943,0,0,2,0,1,1,2
IREN.US,2025-10-24,4.363280907295894,1,7,-19.695227142035655,0,1,2,0,1,1,2
IREN.US,2025-10-28,-1.4921774170208133,0,8,-6.5698677400805146,0,0,2,0,1,1,2
IREN.US,2025-10-30,-1.53408349025959,0,8,-13.139735480161008,0,1,2,0,1,1,2
IREN.US,2025-11-05,10.5995945780913,1,8,-4.212190914318581,0,0,1,0,0,1,1
IREN.US,2025-11-10,-4.3610895973813975,0,7,-18.36147101164768,0,0,1,0,0,0,2
IREN.US,2025-11-14,1.0550898198370204,1,6,-36.33032325611831,0,0,1,0,0,0,2
IREN.US,2025-11-17,1.0316211803865858,1,6,-39.31422588666405,0,0,0,0,0,0,1
IREN.US,2025-11-18,1.9984834628354216,1,6,-37.95314749378353,0,0,0,0,0,0,1
IREN.US,2025-11-19,-2.1974315781521243,0,6,-36.06857741133359,0,0,0,0,0,0,2
IREN.US,2025-11-20,-3.159830384370236,0,6,-40.02093966758278,0,0,0,0,0,0,2
IREN.US,2025-11-21,-3.1927957545382344,0,6,-43.1095406360424,0,0,1,0,0,0,3
IREN.US,2025-11-24,9.403166883968485,1,6,-44.69310299698992,0,0,1,0,0,0,3
IREN.US,2025-11-28,-0.7412341973446405,0,6,-36.59206910090301,0,1,1,0,1,1,3
IREN.US,2025-12-01,4.738452395423912,1,6,-37.4296558042141,0,1,1,0,1,1,3
IREN.US,2025-12-04,7.093406908362135,1,6,-42.468263316319856,0,0,2,0,1,1,3
IREN.US,2025-12-08,-1.531182832652427,0,6,-41.486716398377176,0,1,2,0,1,1,3
IREN.US,2025-12-09,0.2746885423676563,1,6,-39.35348776338174,0,0,2,0,1,1,3
IREN.US,2025-12-12,-1.17636046717584,0,6,-42.49443790079832,0,1,2,0,1,1,3
IREN.US,2025-12-16,-1.5749081733976686,0,6,-53.566287135191736,0,0,2,0,0,0,2
IREN.US,2025-12-18,-2.679077928764229,0,6,-55.7911268158618,0,0,2,0,0,0,2
IREN.US,2025-12-19,5.782758488129942,1,6,-53.147493783536184,0,0,2,0,0,0,2
IREN.US,2025-12-22,-2.4248621355434645,0,6,-47.755529380971076,0,0,2,0,1,1,2
IREN.US,2025-12-23,-0.0999500249874952,0,6,-44.98102342625311,0,0,2,0,1,1,2
IREN.US,2025-12-24,-2.022474151377633,0,6,-44.9417615495354,0,1,2,0,1,1,2
IREN.US,2025-12-29,-4.12144827423124,0,6,-47.25821227588012,0,1,2,0,1,1,1
IREN.US,2025-12-31,-1.8354418209759995,0,6,-49.87567072372726,0,1,1,0,1,1,0
IREN.US,2026-01-05,-2.2428745821693195,0,6,-44.117262138463545,1,0,1,0,0,0,0
IREN.US,2026-01-06,-1.130064176665863,0,6,-36.866902237926965,1,0,1,0,1,1,0
IREN.US,2026-01-12,6.1873181677376845,1,6,-39.75919382279805,1,0,0,0,1,1,0
IREN.US,2026-01-13,-2.417319605304544,0,7,-34.131658159926715,1,0,0,0,1,1,0
IREN.US,2026-01-16,8.168930516015415,1,7,-32.090040570605936,0,0,0,0,0,1,0
IREN.US,2026-01-22,-2.5039619227819263,0,7,-30.00916110456746,0,0,1,0,0,0,1
IREN.US,2026-01-26,-1.8775309853969715,0,7,-25.821227588012043,0,0,1,0,1,1,1
IREN.US,2026-01-28,3.416268839264593,1,7,-21.48933385682502,0,0,1,1,1,1,1
IREN.US,2026-02-03,-2.1295221463760163,0,7,-30.532652794136894,0,0,1,0,1,1,2
IREN.US,2026-02-05,-2.947675587493607,0,6,-41.185708676874754,0,0,1,0,0,0,4
IREN.US,2026-02-09,12.296406541254871,1,6,-45.25585656327705,1,0,2,0,0,0,5
IREN.US,2026-02-10,-2.238813551701655,0,6,-39.602146315927236,0,0,2,0,0,0,5
IREN.US,2026-02-13,-1.151272136814602,0,5,-47.611569166339486,0,1,2,0,0,0,6
IREN.US,2026-02-17,-1.867449697351976,0,6,-44.745452165946865,0,1,2,0,0,0,6
IREN.US,2026-02-20,-1.196727027749828,0,6,-43.34511189634864,0,1,2,0,0,0,6
IREN.US,2026-02-23,5.189314365934122,1,5,-47.677005627535664,0,0,2,0,1,0,6
IREN.US,2026-02-26,-1.3413650156394676,0,6,-42.376652270645195,0,0,2,0,1,1,5
IREN.US,2026-03-02,4.786190280430002,1,5,-46.407538280329796,0,0,1,0,0,0,6
IREN.US,2026-03-04,6.3143146232442895,1,5,-49.155869650569294,0,0,1,0,0,0,7
IREN.US,2026-03-10,-2.267006798516224,0,5,-49.16895694280853,0,0,1,0,1,0,8
IREN.US,2026-03-11,5.266167117244582,1,5,-50.111241984033505,0,0,1,0,1,0,8
IREN.US,2026-03-12,-0.6606384460282948,0,5,-45.05954717968852,0,0,1,0,1,0,7
IREN.US,2026-03-13,-2.3547185412360663,0,5,-45.857872006281895,0,0,1,0,0,0,6
IREN.US,2026-03-17,-2.199544295648769,0,6,-41.185708676874754,0,0,0,0,0,0,5
IREN.US,2026-03-23,-2.2330471774788534,0,5,-45.96257034419578,0,0,0,0,0,0,4
IREN.US,2026-03-24,-2.252512034339602,0,5,-44.823975919382285,1,0,0,0,0,0,4
IREN.US,2026-04-06,-2.269240450276841,0,3,-54.49548488417746,0,0,0,0,1,0,3
IREN.US,2026-04-09,-0.6729904646147266,0,3,-51.799502682894904,0,0,0,0,1,1,2
IREN.US,2026-04-10,2.8694504391119984,1,3,-51.49849496139248,0,0,0,0,1,1,2
IREN.US,2026-04-13,4.571915133625704,1,3,-48.540766915325214,0,0,0,0,1,1,1
IREN.US,2026-04-20,-1.7787365133746933,0,6,-37.023949744797804,0,0,0,0,1,1,0
IREN.US,2026-04-22,1.2814460148932534,1,5,-40.88470095537233,0,0,0,0,1,1,0
IREN.US,2026-04-23,-1.4863180654570487,0,6,-36.67059285433844,0,0,0,0,1,1,0
IREN.US,2026-04-24,-1.486804347756235,0,6,-31.91990577149587,1,0,0,1,1,1,0
NBIS.US,2025-10-24,4.610464905072034,1,7,-21.630001476450623,0,0,0,0,1,1,2
NBIS.US,2025-10-27,3.097443379675978,1,8,-13.435700575815746,0,0,0,0,1,1,2
NBIS.US,2025-10-31,2.2767611342239507,1,8,-8.327181455780309,0,0,0,0,1,1,1
NBIS.US,2025-11-07,-0.4271877545832365,0,7,-19.20862247157833,0,0,0,0,0,0,1
NBIS.US,2025-11-12,-2.0996333584585503,0,6,-24.53860918352282,0,0,1,0,1,1,2
NBIS.US,2025-11-14,-0.6056073969803472,0,6,-34.571091097002814,0,0,3,0,0,0,2
NBIS.US,2025-11-17,0.8738261521030558,1,6,-38.328657906393026,0,0,3,0,0,0,1
NBIS.US,2025-11-18,-1.6009128282227267,0,6,-36.52738815886609,0,0,3,0,0,0,1
NBIS.US,2025-11-19,-1.883307410965816,0,6,-33.16108076184852,0,0,3,0,0,0,2
NBIS.US,2025-11-20,-4.178501115606271,0,6,-29.816920124021863,0,0,3,0,0,0,2
NBIS.US,2025-11-21,-1.3928153097288252,0,6,-37.51661006939319,0,0,4,0,0,0,3
NBIS.US,2025-11-24,4.382001872611258,1,6,-38.535360992174816,0,0,4,0,0,0,3
NBIS.US,2025-11-28,-1.1733672372409685,0,6,-30.097445740439987,0,1,4,0,1,1,3
NBIS.US,2025-12-02,-1.71298617699123,0,6,-26.066735567695265,0,0,4,0,1,1,3
NBIS.US,2025-12-09,-1.90627175714808,0,6,-25.933855012549834,0,1,4,0,1,1,3
NBIS.US,2025-12-12,-2.257109896067426,0,6,-30.400118116049025,0,0,4,0,1,1,3
NBIS.US,2025-12-16,-2.4850295568455505,0,6,-40.100398641665436,0,0,4,0,0,0,2
NBIS.US,2025-12-18,-1.5383407870745551,0,5,-44.30090063487376,0,0,3,0,0,0,2
NBIS.US,2025-12-19,8.73201729892401,1,5,-42.35198582607412,0,1,2,0,0,0,2
NBIS.US,2025-12-23,-2.2538080905375986,0,6,-31.175254687730693,0,0,1,0,1,1,2
NBIS.US,2025-12-24,-1.2235364289406576,0,6,-33.53757566809391,0,0,1,0,1,1,2
NBIS.US,2025-12-29,-0.573738578946487,0,6,-35.338845415620845,0,1,1,0,1,1,1
NBIS.US,2025-12-31,-0.931336112773499,0,6,-37.125350657020526,0,1,0,0,1,1,0
NBIS.US,2026-01-07,-1.6805329800029696,0,7,-26.000295290122555,1,0,0,0,1,1,0
NBIS.US,2026-01-08,-0.3355391923642278,0,6,-28.975343274767475,0,0,0,0,1,1,0
NBIS.US,2026-01-22,-0.958633791133326,0,7,-27.011663959840547,0,0,1,0,0,0,1
NBIS.US,2026-01-26,-2.0357784332727507,0,7,-30.237708548649056,0,0,1,0,1,1,1
NBIS.US,2026-01-28,-2.5840903602092067,0,7,-27.749889266204043,0,0,1,0,1,1,1
NBIS.US,2026-02-09,7.268400481840011,1,5,-36.43880112210247,0,0,1,0,0,0,5
NBIS.US,2026-02-10,-2.135283039362824,0,6,-31.433633544957928,0,0,1,0,0,0,5
NBIS.US,2026-02-11,-0.7529614961057614,0,6,-32.23829912889414,0,0,1,0,0,0,5
NBIS.US,2026-02-13,-0.6104935533566385,0,5,-33.759043260002954,1,0,1,0,0,0,6
NBIS.US,2026-02-17,-1.9530012405174195,0,7,-27.64653772331316,1,0,1,0,0,0,6
NBIS.US,2026-02-19,6.101898715072011,1,7,-24.848663812195493,0,0,1,0,0,0,6
NBIS.US,2026-02-23,2.289273641217259,1,7,-27.71297800088587,0,0,1,0,1,0,6
NBIS.US,2026-02-24,2.426258135300182,1,7,-25.727151926768055,0,1,1,0,0,0,6
NBIS.US,2026-03-02,0.7413135537494576,1,5,-32.68123431271225,0,0,1,0,0,0,6
NBIS.US,2026-03-03,-1.3916615924316689,0,5,-32.81411486785767,0,0,1,0,0,0,6
NBIS.US,2026-03-04,2.2215073717983262,1,5,-35.92204340764802,0,0,1,0,0,0,7
NBIS.US,2026-03-05,-0.4707130970596961,0,7,-27.816329543776764,0,0,1,0,1,1,7
NBIS.US,2026-03-09,8.147214876028364,1,5,-34.054333382548364,0,1,1,0,0,0,8
NBIS.US,2026-03-10,0.462632381796388,1,7,-29.912889413849108,0,0,1,0,1,0,8
NBIS.US,2026-03-11,3.749129237310148,1,6,-28.812933707367485,0,1,1,0,1,0,8
NBIS.US,2026-03-12,-1.400660864141344,0,6,-17.322456813819574,1,0,1,1,1,0,7
NBIS.US,2026-03-13,0.6665237280547969,1,7,-20.242137900487233,0,0,1,0,0,0,6
NBIS.US,2026-03-16,1.8819821027879564,1,7,-16.617451646242433,1,0,1,1,0,0,5
NBIS.US,2026-03-19,4.843717704149924,1,8,-12.476007677543189,0,0,2,0,0,0,5
NBIS.US,2026-03-20,-1.4311789643995918,0,8,-10.290860770707233,0,0,2,0,0,0,5
NBIS.US,2026-03-23,-1.9505797746945648,0,8,-13.169939465524882,0,0,2,0,0,0,4
NBIS.US,2026-03-24,-0.8941631082219187,0,7,-15.731581278606232,0,0,2,0,0,0,4
NBIS.US,2026-03-31,-2.032056040383696,0,5,-31.891333234903296,0,0,2,0,0,0,4
NBIS.US,2026-04-01,-1.281041771369285,0,7,-23.40174221172302,1,0,2,0,0,0,4
NBIS.US,2026-04-02,9.593461749895274,1,7,-24.73793001624096,0,0,2,0,1,0,4
NBIS.US,2026-04-06,1.1675661314488317,1,6,-19.66632216152371,0,0,2,0,1,0,3
NBIS.US,2026-04-07,4.450869368717724,1,7,-16.920124021851468,0,1,1,0,1,1,3
NBIS.US,2026-04-09,-0.6333234689532229,0,8,-7.721836704562235,1,0,1,0,1,1,2
NBIS.US,2026-04-10,4.665102586381153,1,8,0.0,1,0,1,1,1,1,2
NBIS.US,2026-04-13,4.752725401207125,1,8,0.0,1,0,1,1,1,1,1
NBIS.US,2026-04-14,-0.9366544711386032,0,8,0.0,1,0,1,1,1,1,0
NBIS.US,2026-04-20,-0.8666572460312997,0,8,-5.774419859687008,0,0,1,0,1,1,0
NBIS.US,2026-04-22,-1.797720132930393,0,8,-6.128200515680282,0,1,1,0,1,1,0
NBIS.US,2026-04-23,2.2744971061715145,1,8,-6.374048090184104,0,0,0,0,1,1,0
NBIS.US,2026-04-28,-1.6449443239824335,0,8,-13.077891707141575,0,0,0,0,1,1,0
NBIS.US,2026-05-01,7.93453192978306,1,7,-17.113389698387017,0,0,0,0,1,1,0
AMZN.US,2025-02-05,-0.7142313354363794,0,8,0.0,0,0,0,1,1,1,1
AMZN.US,2025-02-25,0.0440263405456433,1,7,-12.125092952160621,0,0,1,0,0,0,2
AMZN.US,2025-03-11,-1.0665600926438694,0,3,-19.63149632322565,0,0,1,0,0,0,6
AMZN.US,2025-03-31,1.01719521912351,1,3,-20.383376022473765,0,0,0,0,0,0,6
AMZN.US,2025-04-25,0.5084095988081391,1,1,-22.936462034206397,0,1,3,0,1,1,4
AMZN.US,2025-05-01,-0.5623496181609061,0,1,-23.812277947616302,0,0,3,0,1,1,4
AMZN.US,2025-05-02,-1.212179070311895,0,1,-21.424440221432704,1,0,3,0,1,1,4
AMZN.US,2025-05-08,0.1794823627635348,1,1,-22.03999008510287,0,0,3,0,1,1,4
AMZN.US,2025-06-13,-0.0584815998642183,0,7,-11.906138973808144,0,0,0,0,1,1,0
AMZN.US,2025-07-07,-0.197379356568362,0,7,-7.704701313723872,0,1,1,0,1,1,0
AMZN.US,2025-07-11,0.0611691951772985,1,7,-8.179790134677356,0,1,1,0,1,1,0
AMZN.US,2025-07-17,-0.0767794945074475,0,8,-7.795587870775844,0,0,1,0,1,1,0
AMZN.US,2025-09-09,0.7471303759175979,1,7,-2.5696108402875284,0,0,1,0,1,1,2
AMZN.US,2025-10-02,0.4831148578402671,1,6,-8.853176898289682,0,0,2,0,1,1,2
AMZN.US,2025-10-09,1.1626727700991186,1,6,-6.956952821614482,0,0,2,0,1,1,1
AMZN.US,2025-10-28,1.1655431121221596,1,6,-6.233991572337438,0,0,1,0,1,1,2
AMZN.US,2025-12-10,-0.0284339533077148,0,6,-10.267716535433081,0,1,0,0,1,1,3
AMZN.US,2025-12-22,-0.1286973448230647,0,7,-10.492125984251965,1,0,0,0,1,1,2
AMZN.US,2025-12-24,-0.0672016177609418,0,8,-8.606299212598433,0,0,0,0,1,1,2
AMZN.US,2025-12-26,-0.1702147766322954,0,8,-8.511811023622052,0,1,0,0,1,1,1
AMZN.US,2026-01-08,0.8219425786369601,1,8,-4.897637795275589,0,0,0,0,1,1,0
AMZN.US,2026-02-13,-0.4156951684041726,0,3,-21.41732283464567,0,0,3,0,0,0,6
AMZN.US,2026-03-02,0.190391553225275,1,3,-17.322834645669293,0,0,3,0,0,0,6
HOOD.US,2025-02-04,-0.6432842238184532,0,8,-2.075471698113207,0,0,0,0,0,0,1
HOOD.US,2025-02-05,-0.6295347192326571,0,8,-0.7924528301886835,0,0,0,0,1,1,1
HOOD.US,2025-02-07,0.3145516287259557,1,8,-1.900369003690039,0,0,0,0,1,1,1
HOOD.US,2025-02-12,-0.9575285189527346,0,8,-5.2070374977785665,0,0,0,0,1,1,1
HOOD.US,2025-02-14,1.5399487572468884,1,8,0.0,1,0,0,1,1,1,1
HOOD.US,2025-02-20,0.740686803308182,1,8,-9.267769607843146,0,0,1,0,1,1,1
HOOD.US,2025-02-24,-1.158446711456556,0,7,-20.95588235294118,0,0,1,0,0,0,2
HOOD.US,2025-02-25,-0.8274848746758795,0,7,-23.5140931372549,0,0,1,0,0,0,2
HOOD.US,2025-03-04,4.059455688349039,1,6,-28.170955882352942,0,0,2,0,0,0,4
HOOD.US,2025-03-07,1.7364573785518034,1,6,-31.311274509803923,0,0,3,0,0,0,5
HOOD.US,2025-03-12,-1.4198887943115917,0,6,-44.30147058823529,0,0,4,0,0,0,7
HOOD.US,2025-03-13,-1.2874912499732247,0,6,-40.379901960784316,0,0,4,0,0,0,7
HOOD.US,2025-03-17,-0.2162271323354648,0,6,-39.88970588235294,0,0,4,0,0,0,7
HOOD.US,2025-03-18,-1.3450012090895302,0,6,-35.631127450980394,0,0,4,0,0,0,7
HOOD.US,2025-03-19,2.389856756619615,1,6,-38.57230392156863,0,0,4,0,0,0,7
HOOD.US,2025-03-20,0.3176321839080513,1,6,-34.43627450980393,0,0,4,0,0,0,7
HOOD.US,2025-03-21,0.9973120728929432,1,6,-33.11887254901962,0,0,4,0,0,0,7
HOOD.US,2025-03-24,-0.1119652820830651,0,6,-32.04656862745098,0,0,4,0,0,0,7
HOOD.US,2025-03-25,0.6397427854454245,1,6,-25.91911764705882,1,0,4,0,1,1,7
HOOD.US,2025-03-26,0.0282693813625594,1,6,-26.240808823529417,0,0,3,0,1,1,7
HOOD.US,2025-03-27,-1.0658431414798897,0,6,-31.479779411764707,0,0,3,0,0,0,7
HOOD.US,2025-03-31,-1.1297850109628516,0,6,-35.78431372549019,0,0,3,0,0,0,6
HOOD.US,2025-04-07,-3.520195234248097,0,5,-47.13541666666667,0,0,3,0,0,0,6
HOOD.US,2025-04-14,0.4506602914389788,1,6,-33.08823529411765,0,0,2,0,1,0,6
HOOD.US,2025-04-17,-1.0830558039486708,0,6,-37.71446078431373,0,0,1,0,0,0,4
HOOD.US,2025-04-21,-0.0876081775994009,0,6,-36.91789215686274,0,1,1,0,0,0,4
HOOD.US,2025-04-24,-0.1391799638951622,0,6,-31.587009803921575,0,0,1,0,1,0,4
HOOD.US,2025-04-29,0.2138809910641701,1,7,-25.045955882352942,0,0,1,0,1,1,4
HOOD.US,2025-05-09,0.1148735337243377,1,7,-17.172181372549023,0,0,2,1,1,1,4
HOOD.US,2025-05-12,-0.8554389341072727,0,7,-16.283700980392158,0,0,2,1,1,1,3
HOOD.US,2025-05-15,1.1333333333333424,1,8,-5.958946078431371,0,0,1,0,1,1,1
HOOD.US,2025-05-16,0.128337388483379,1,8,-7.046568627450977,0,0,1,0,1,1,1
HOOD.US,2025-05-19,1.161992125984251,1,8,-5.392156862745101,0,1,1,0,1,1,0
HOOD.US,2025-05-20,-0.6606629698933203,0,8,-1.5471813725490224,0,0,1,1,1,1,0
HOOD.US,2025-06-02,0.3041186891054122,1,8,0.0,0,0,1,1,1,1,0
HOOD.US,2025-06-06,-1.1849243409585368,0,8,0.0,1,0,1,1,1,1,0
HOOD.US,2025-06-10,0.0603962446500086,1,8,-1.9764957264957084,0,0,1,0,1,1,0
HOOD.US,2025-06-18,-1.028216028197879,0,8,-2.3452768729641638,0,0,1,0,0,1,0
HOOD.US,2025-06-23,-0.7261285286847998,0,8,0.0,0,0,1,1,0,1,0
HOOD.US,2025-06-26,-0.6802004567666367,0,8,0.0,1,0,1,1,1,1,0
HOOD.US,2025-07-07,-0.8795757847150251,0,8,-3.653806899367218,0,0,2,0,1,1,0
HOOD.US,2025-07-08,-0.9597982992142872,0,8,-4.6131863645642035,0,0,2,0,1,1,0
HOOD.US,2025-07-09,0.438701105442188,1,8,-6.848336395182697,0,0,2,0,1,1,0
HOOD.US,2025-07-10,0.8388531125421801,1,8,-3.5109205960400014,0,0,2,0,1,1,0
HOOD.US,2025-07-16,-0.7598248532797675,0,8,-0.42016806722687816,0,0,2,0,1,1,0
HOOD.US,2025-07-23,-0.0646848523434066,0,8,-7.189721159103335,0,0,1,0,1,1,0
HOOD.US,2025-07-24,-0.4406967653669327,0,8,-6.98013486422453,0,1,1,0,1,1,0
HOOD.US,2025-07-30,-0.7068848309567719,0,8,-5.85019136139967,0,1,1,0,1,1,0
HOOD.US,2025-08-04,-1.0655378221299103,0,8,-8.966648441771452,0,0,2,0,0,0,2
HOOD.US,2025-08-05,-0.8524207251144765,0,8,-3.0708948423546434,0,0,2,0,1,1,2
HOOD.US,2025-08-08,-0.7714896945653175,0,8,0.0,0,0,1,0,1,1,2
HOOD.US,2025-08-18,0.2113755230125554,1,8,-0.4012911105295225,0,0,1,0,1,1,2
HOOD.US,2025-08-20,0.580177684371422,1,8,-6.537993392453478,0,0,1,0,0,1,2
HOOD.US,2025-08-21,-0.4190957317187409,0,8,-8.415927664753953,0,0,1,0,0,0,3
HOOD.US,2025-08-25,-0.7341221486226392,0,8,-4.955659885237351,0,0,1,0,1,1,3
HOOD.US,2025-08-27,-0.6745812397681388,0,8,-5.407755173013385,0,1,1,0,1,1,3
HOOD.US,2025-09-02,-1.0028872021267268,0,8,-9.554860024343592,0,1,1,0,0,1,3
HOOD.US,2025-09-05,1.2500000000000009,1,8,-10.52860372109199,0,0,1,0,1,1,4
HOOD.US,2025-09-08,0.9223934567369768,1,7,-11.971830985915489,0,0,2,0,1,1,3
HOOD.US,2025-09-12,-0.7051749302610744,0,8,-0.6329113924050667,0,0,1,0,1,1,2
HOOD.US,2025-09-16,-0.2369812925170046,0,8,-3.0970464135021136,0,0,1,0,1,1,2
HOOD.US,2025-09-19,1.0604173908918395,1,8,0.0,0,0,1,0,1,1,2
HOOD.US,2025-09-22,1.0317148033295185,1,8,0.0,1,0,1,1,1,1,2
HOOD.US,2025-09-30,1.8328817589012465,1,8,0.0,1,0,1,1,1,1,2
HOOD.US,2025-10-03,-0.1238977013039416,0,8,0.0,0,1,1,1,1,1,2
HOOD.US,2025-10-07,-0.1532897003100217,0,8,-2.966301204008881,0,0,1,0,1,1,2
HOOD.US,2025-10-08,0.6363845676416986,1,8,-2.4685545167148604,0,1,1,0,1,1,1
HOOD.US,2025-10-09,1.5784944658171676,1,8,0.0,0,0,1,1,1,1,1
HOOD.US,2025-10-13,0.4211255534923647,1,8,-8.854781582054304,0,0,0,0,0,0,2
HOOD.US,2025-10-17,0.0347033898304988,1,8,-13.787222878131978,0,0,0,0,0,1,2
HOOD.US,2025-10-22,2.035024525566472,1,8,-13.524858979404442,0,1,0,0,1,1,2
HOOD.US,2025-10-24,0.0322928226239328,1,8,-11.891643709825528,0,0,0,0,1,1,2
HOOD.US,2025-10-28,-0.6406558255809837,0,8,-4.329004329004327,0,0,0,0,1,1,2
HOOD.US,2025-11-07,2.3821554598427888,1,6,-16.646989374262112,0,0,1,0,0,0,1
HOOD.US,2025-11-10,-0.1381911764705864,0,8,-14.49560540469631,0,0,1,0,0,0,2
HOOD.US,2025-11-11,-0.9067526713943422,0,8,-10.87498360225634,0,0,1,0,1,1,2
HOOD.US,2025-11-14,-1.0304525523277628,0,6,-20.287288469106656,0,0,1,0,0,0,2
HOOD.US,2025-11-19,2.3743457559589056,1,6,-25.02951593860685,0,0,1,0,0,0,2
HOOD.US,2025-11-21,-0.7896854764107194,0,6,-30.335825790371253,0,0,1,0,0,0,3
HOOD.US,2025-11-25,-0.0672938835539456,0,6,-24.590056408238226,0,0,1,0,1,0,3
HOOD.US,2025-11-26,-0.1356870080274412,0,6,-24.196510560146933,0,0,1,0,1,1,3
HOOD.US,2025-12-01,-0.1472276264591401,0,6,-15.722156631247541,0,1,1,0,1,1,3
HOOD.US,2025-12-04,-0.1010134888807711,0,8,-12.344221435130542,0,0,1,0,1,1,3
HOOD.US,2025-12-10,0.0237311891413453,1,8,-10.986488259215532,0,1,1,0,1,1,3
HOOD.US,2025-12-22,-0.0622502757690855,0,6,-20.405352223534045,0,0,1,0,1,1,2
HOOD.US,2026-01-09,-0.6480018000719201,0,6,-24.314574314574322,0,0,1,0,1,1,0
HOOD.US,2026-01-12,-0.3383336161547562,0,6,-24.393283484192587,0,0,1,0,1,1,0
HOOD.US,2026-01-13,1.3129470530449794,1,6,-22.917486553850196,0,0,1,0,1,1,0
HOOD.US,2026-01-14,0.6396003365587,1,6,-21.133412042502965,0,0,1,0,1,1,0
HOOD.US,2026-01-21,-0.1913453379843407,0,5,-30.61786698150335,0,0,2,0,0,0,1
HOOD.US,2026-02-06,0.0466400773507363,1,3,-52.32847960120688,0,0,6,0,0,0,5
HOOD.US,2026-02-10,-0.8004897364339184,0,3,-43.224452315361404,0,0,6,0,0,0,5
HOOD.US,2026-02-11,2.3572437179673447,1,3,-43.8541256723075,0,0,6,0,0,0,5
HOOD.US,2026-02-13,-0.9716930781663776,0,3,-53.351698806244265,0,0,8,0,0,0,6
HOOD.US,2026-02-19,1.4765063299362535,1,3,-50.66902794175523,0,1,8,0,0,0,6
HOOD.US,2026-02-25,0.0920111082407665,1,3,-51.86278368096551,0,1,6,0,1,0,6
HOOD.US,2026-03-03,-1.10250213639271,0,3,-48.32743014561196,0,0,6,0,0,0,6
HOOD.US,2026-03-04,-0.3953027456209619,0,3,-50.10494555949102,0,0,6,0,0,0,7
HOOD.US,2026-03-09,1.5087904703426287,1,3,-49.435917617735804,0,0,6,0,0,0,8
HOOD.US,2026-03-11,0.026268599771086,1,3,-48.49140758231667,0,1,5,0,1,0,8
HOOD.US,2026-03-12,-0.1811335607452057,0,3,-48.38646202282566,0,0,4,0,1,0,7
HOOD.US,2026-03-24,-0.9846539925273946,0,3,-52.45310245310246,0,0,0,0,0,0,4
HOOD.US,2026-03-26,-0.1067978406023605,0,3,-52.42030696576151,0,0,0,0,0,0,4
HOOD.US,2026-03-31,0.1233738074587903,1,3,-57.26092089728454,0,0,0,0,0,0,4
HOOD.US,2026-04-07,1.1627915425416115,1,3,-54.23061786698151,0,0,0,0,1,1,3
HOOD.US,2026-04-20,0.8059254143646494,1,3,-40.476190476190474,0,0,1,0,1,1,0
HOOD.US,2026-04-22,0.051828163912168,1,3,-43.30972058244785,0,0,1,0,1,1,0
HOOD.US,2026-04-27,-0.5689054685666721,0,2,-44.43788534697626,0,1,1,0,1,1,0
HOOD.US,2026-04-28,-0.5482389938568726,0,2,-44.93637675455857,0,1,1,0,1,1,0
HOOD.US,2026-04-29,0.4154084944264088,1,2,-46.169487078578,0,0,1,0,1,1,0
EOSE.US,2025-02-10,0.3215613382899728,1,8,-13.89337641357028,0,1,0,0,0,1,1
EOSE.US,2025-03-07,-0.6976241900647996,0,6,-26.817447495961233,0,0,1,0,0,0,5
EOSE.US,2025-03-12,-0.8939686369119114,0,6,-36.187399030694664,0,1,1,0,0,0,7
EOSE.US,2025-03-14,-2.2123798076922885,0,6,-36.187399030694664,0,1,1,0,0,0,7
EOSE.US,2025-03-18,-0.5351941747572846,0,6,-32.79483037156704,0,1,1,0,0,0,7
EOSE.US,2025-03-20,-1.7364454443194617,0,6,-28.271405492730207,0,0,0,0,0,0,7
EOSE.US,2025-04-25,5.044291539245664,1,7,-21.16316639741519,0,0,3,0,1,1,4
EOSE.US,2025-04-29,-0.2340699815837814,0,8,-11.47011308562197,1,0,3,1,1,1,4
EOSE.US,2025-05-14,-2.433200867052024,0,8,0.0,1,0,2,0,1,1,2
EOSE.US,2025-05-15,-4.226183844011132,0,8,0.0,0,0,1,0,1,1,1
EOSE.US,2025-06-05,-0.55736040609137,0,4,-46.55414908579466,0,0,4,0,1,1,0
EOSE.US,2025-07-24,-4.824191063174112,0,8,-12.23628691983123,1,0,1,0,1,1,0
EOSE.US,2025-08-13,2.2069354838709643,1,8,-14.064697609001408,0,0,1,0,1,1,2
EOSE.US,2025-08-21,0.4505843071786248,1,7,-15.75246132208158,0,1,1,0,0,0,3
EOSE.US,2025-08-27,1.5184022824536518,1,8,-2.6722925457102753,1,0,1,1,1,1,3
EOSE.US,2025-09-18,5.075641025641013,1,8,0.0,0,0,0,1,1,1,2
EOSE.US,2025-09-23,-3.960257633587783,0,8,0.0,1,0,0,1,1,1,2
EOSE.US,2025-10-02,-3.1542753067484592,0,8,0.0,0,0,0,1,1,1,2
EOSE.US,2025-11-26,3.549832312627605,1,6,-30.17196456487754,0,1,1,0,1,1,3
EOSE.US,2025-12-03,5.428856695379798,1,6,-33.402813965607095,0,1,1,0,1,1,3
EOSE.US,2025-12-10,-1.2847746243739528,0,7,-22.094841063053682,0,1,1,0,1,1,3
EOSE.US,2025-12-30,-1.7837380745880138,0,6,-40.854611776967175,0,0,0,0,1,1,0
EOSE.US,2026-02-17,3.4744575045207844,1,5,-42.15737363210006,0,0,1,0,0,0,6
EOSE.US,2026-02-19,0.8306167400881028,1,5,-39.760291818655546,0,1,1,0,0,0,6
EOSE.US,2026-02-20,-2.25154185022026,0,5,-40.33350703491403,0,1,1,0,0,0,6
EOSE.US,2026-03-19,4.598837209302332,1,3,-72.48566961959354,0,1,2,0,0,0,5
CIFR.US,2025-02-03,2.213018867924522,1,6,-22.880215343203226,1,0,1,0,1,1,1
CIFR.US,2025-02-10,-1.20453795379536,0,7,-19.650067294751004,0,0,1,0,0,1,1
CIFR.US,2025-02-12,1.2590796460177056,1,6,-23.283983849259748,0,1,1,0,1,1,1
CIFR.US,2025-03-19,-1.556783919597983,0,2,-61.37281292059219,0,1,2,0,0,0,7
CIFR.US,2025-04-15,-1.2615151515151577,0,1,-67.16016150740242,0,1,1,0,1,0,5
CIFR.US,2025-04-29,-1.1913539967373596,0,2,-58.815612382234185,0,0,1,0,1,1,4
CIFR.US,2025-05-09,-1.7868878357029987,0,3,-58.00807537012113,1,0,2,0,1,1,4
CIFR.US,2025-05-19,-0.3119921363040552,0,3,-48.04845222072678,1,0,2,0,1,1,0
CIFR.US,2025-06-03,-1.7983965014577192,0,3,-56.258411843876175,0,0,3,0,1,1,0
CIFR.US,2025-06-30,2.176057906458786,1,3,-42.664872139973085,1,0,0,0,1,1,0
CIFR.US,2025-07-08,2.440448504983402,1,5,-22.072678331090167,0,0,0,0,1,1,0
CIFR.US,2025-08-12,-1.102105263157888,0,5,-35.93539703903096,0,0,0,0,1,1,2
CIFR.US,2025-08-18,2.7750626118068,1,6,-29.878869448183043,0,0,0,0,1,1,2
CIFR.US,2025-08-27,-0.6821503865073693,0,7,-4.172274562584111,0,0,0,1,1,1,3
CIFR.US,2025-09-02,2.0030138158698985,1,7,0.0,1,0,0,1,0,1,3
CIFR.US,2025-09-19,-1.7130753311258338,0,7,-4.281098546042017,0,0,1,0,1,1,2
CIFR.US,2025-10-01,-1.024756189047259,0,7,-11.024734982332163,0,0,3,0,1,1,2
CIFR.US,2025-10-03,-1.1913539967373452,0,7,-2.402826855123674,0,0,3,0,1,1,2
CIFR.US,2025-11-28,3.4226939075116336,1,7,-22.50101173613922,0,0,1,0,1,1,3
CIFR.US,2025-12-12,-1.5941345902068478,0,7,-23.593686766491306,0,0,1,0,1,1,3
CIFR.US,2026-01-05,2.329071117561709,1,6,-34.43949817887495,1,0,0,0,0,0,0
CIFR.US,2026-01-08,3.4330118232731968,1,6,-34.925131525698106,0,0,0,0,1,1,0
CIFR.US,2026-02-19,1.5863785199738092,1,6,-37.59611493322542,0,1,2,0,0,0,6
CIFR.US,2026-02-23,-0.9214621059691476,0,6,-40.71226224200728,0,0,2,0,1,0,6
CIFR.US,2026-03-23,-0.751052104208409,0,5,-43.302306758397414,0,0,0,0,0,0,4
SNDK.US,2026-02-27,-1.566117184831593,0,8,-6.270218976003228,0,0,1,0,1,0,6
SNDK.US,2026-03-02,-3.9368824373383142,0,8,-8.648330002444249,0,0,1,0,0,0,6
SNDK.US,2026-03-04,-1.283322873402443,0,7,-18.70569797702406,0,0,0,0,0,0,7
SNDK.US,2026-03-05,-1.2354241805909882,0,8,-13.867521674742278,0,0,0,0,1,1,7
SNDK.US,2026-03-06,-1.85166652572072,0,7,-18.67981768773993,0,0,0,0,1,0,8
SNDK.US,2026-03-09,11.156765931071256,1,7,-24.180816954465058,0,0,0,0,0,0,8
SNDK.US,2026-03-10,1.932977871517767,1,7,-15.352762720881074,0,0,0,0,1,0,8
SNDK.US,2026-03-12,-0.8744407756586154,0,8,-5.7626777472646,0,0,0,0,1,0,7
SNDK.US,2026-03-13,-1.567134144526472,0,8,-11.02644102888527,0,0,0,0,0,0,6
SNDK.US,2026-03-16,1.452922904941902,1,8,-4.872683354660612,0,0,0,0,0,0,5
SNDK.US,2026-03-18,-0.7382628571030931,0,8,0.0,0,0,0,1,1,0,5
SNDK.US,2026-03-19,8.90403821393058,1,8,0.0,1,0,0,1,0,0,5
SNDK.US,2026-03-24,-2.5291808766578416,0,8,-9.014493129039359,0,0,0,0,0,0,4
SNDK.US,2026-03-26,-2.278219510306188,0,8,-12.204535740652,0,0,0,0,0,0,4
SNDK.US,2026-03-27,0.2859970920874138,1,7,-21.878278439042088,0,0,0,0,0,0,4
SNDK.US,2026-03-31,6.924692976961659,1,6,-25.850613270473655,0,0,0,0,0,0,4
SNDK.US,2026-04-01,3.964968743384866,1,7,-17.71166573845018,0,0,0,0,0,0,4
SNDK.US,2026-04-02,7.044322866935504,1,8,-10.278594464375912,0,0,0,0,1,0,4
SNDK.US,2026-04-06,-1.4801859192665756,0,8,-9.13105985053556,0,0,0,0,1,0,3
SNDK.US,2026-04-07,-1.7840445890961367,0,8,-6.146951780232879,0,1,0,0,1,1,3
SNDK.US,2026-04-08,-2.374309510023386,0,8,-7.938193733891142,0,0,0,0,1,1,3
SNDK.US,2026-04-13,7.95257541686926,1,8,0.0,0,0,0,0,1,1,1
SNDK.US,2026-04-16,-2.9981723876434376,0,8,-6.381102362204727,0,0,0,0,1,1,0
SNDK.US,2026-04-17,-1.4846828179647786,0,8,-3.467716535433063,0,0,0,0,1,1,0
SNDK.US,2026-04-20,-0.9677227012366084,0,8,-3.3081364829396276,1,0,0,0,1,1,0
SNDK.US,2026-04-21,-0.8624437111920673,0,8,-4.144881889763785,0,1,0,0,1,1,0
SNDK.US,2026-04-24,3.312849425684161,1,8,-4.763704331661689,0,0,0,0,1,1,0
SNDK.US,2026-04-27,-2.008361441274761,0,8,0.0,0,0,0,0,1,1,0
SNDK.US,2026-04-28,-1.807377550591201,0,8,0.0,0,0,0,1,1,1,0
SNDK.US,2026-04-29,-1.1877689420384234,0,8,-6.339936460474682,0,0,0,0,1,1,0
SNDK.US,2026-05-01,-1.4232040758923046,0,8,0.0,1,0,0,1,1,1,0
LITE.US,2025-01-29,-0.8379710284966875,0,6,-22.49452082088065,0,0,1,0,1,1,2
LITE.US,2025-01-30,-1.88179302161784,0,6,-22.38493723849372,0,0,1,0,0,1,1
LITE.US,2025-01-31,-0.5180493690493961,0,6,-16.337915919505875,0,0,1,0,1,1,1
LITE.US,2025-02-03,2.7895193238138183,1,6,-15.262004383343285,0,0,1,0,1,1,1
LITE.US,2025-02-04,-0.8229832162836891,0,6,-16.009165172345085,0,0,1,0,0,0,1
LITE.US,2025-02-05,1.072944895597117,1,7,-13.996812113966929,0,0,1,0,1,1,1
LITE.US,2025-02-06,-1.200310668643646,0,8,-11.147638971906748,0,0,1,0,1,1,1
LITE.US,2025-02-07,-5.072850742770191,0,8,-7.680812910938428,0,0,1,0,1,1,1
LITE.US,2025-02-11,-0.8390379409555282,0,6,-18.3801554094441,0,0,2,0,1,1,1
LITE.US,2025-02-12,1.0544845689904885,1,6,-20.70133492727635,0,0,2,0,1,1,1
LITE.US,2025-02-13,-1.991621763375716,0,6,-21.079896393703923,0,1,2,0,1,1,1
LITE.US,2025-02-18,-1.4448071874654145,0,6,-22.614066547120927,0,1,2,0,1,1,1
LITE.US,2025-02-21,-1.4703737874652376,0,6,-23.9489938234708,0,0,2,0,1,1,1
LITE.US,2025-02-24,-1.0109753888538175,0,6,-26.927674835624625,0,0,2,0,0,0,2
LITE.US,2025-02-26,-0.6889671851308611,0,5,-29.876469416218367,0,0,2,0,0,0,3
LITE.US,2025-03-04,-1.2467818614674302,0,4,-34.55867702729627,0,0,2,0,0,0,4
LITE.US,2025-03-14,-1.4349350890690509,0,4,-39.938234708109185,0,0,1,0,0,0,7
LITE.US,2025-03-17,4.52094369418139,1,4,-36.63080294879458,0,0,1,0,0,0,7
LITE.US,2025-03-20,2.52155121186985,1,4,-33.0842797369994,0,0,1,0,0,0,7
LITE.US,2025-03-21,-0.9573342952672584,0,5,-31.430563857342097,0,0,1,0,0,0,7
LITE.US,2025-03-24,2.689385448278249,1,4,-33.64215979278741,0,1,1,0,0,0,7
LITE.US,2025-03-25,-1.2883470575228255,0,5,-26.648734807730623,0,0,1,0,1,1,7
LITE.US,2025-03-28,-1.2262894547088958,0,4,-36.262203626220355,0,1,1,0,0,0,7
LITE.US,2025-04-02,4.801339812078427,1,4,-36.65072723650129,1,0,1,0,0,0,5
LITE.US,2025-04-07,8.269942175324623,1,2,-50.6276150627615,0,0,3,0,0,0,6
LITE.US,2025-04-08,-3.778887997737463,0,3,-47.937836222355045,0,0,3,0,0,0,6
LITE.US,2025-04-09,-2.5462383281781222,0,2,-50.16935644550706,0,0,3,0,0,0,6
LITE.US,2025-04-14,-1.524175946871793,0,3,-48.924088463837414,0,0,3,0,1,0,6
LITE.US,2025-04-15,-0.7790289145457443,0,3,-47.83821478382148,0,0,3,0,1,0,5
LITE.US,2025-04-16,2.190078550066674,1,3,-47.50946403666069,0,1,3,0,1,0,4
LITE.US,2025-04-21,-0.298125089409257,0,3,-48.19685196254234,0,1,3,0,0,0,4
LITE.US,2025-04-23,-6.426387824763322,0,3,-48.555489141263195,0,1,3,0,0,0,4
LITE.US,2025-04-24,4.570770986401005,1,3,-45.03885236102809,0,0,2,0,1,0,4
LITE.US,2025-04-28,-0.6668061163009907,0,3,-40.22713687985654,0,1,2,0,1,1,4
LITE.US,2025-04-29,-0.3326622878244589,0,3,-40.147439729029685,0,1,2,0,1,1,4
LITE.US,2025-04-30,-1.3459965556416058,0,3,-40.26698545526997,0,1,2,0,1,1,4
LITE.US,2025-05-01,-3.643333462673072,0,3,-41.18350268977884,0,1,2,0,1,1,4
LITE.US,2025-05-05,0.5046369950874324,1,4,-37.37796373779637,1,0,2,0,1,1,4
LITE.US,2025-05-06,2.428158831613981,1,4,-37.06913727834229,1,0,2,0,1,1,4
LITE.US,2025-05-12,-1.0848287922006308,0,4,-35.37557282327156,0,0,2,0,1,1,3
LITE.US,2025-05-13,2.232560412555704,1,5,-28.541542139868493,0,0,1,0,1,1,2
LITE.US,2025-05-14,-2.0474977740751528,0,6,-25.772066148635176,0,0,1,0,1,1,2
LITE.US,2025-05-15,-2.509624964082615,0,6,-22.006375772066132,1,0,1,1,1,1,1
LITE.US,2025-05-19,2.2773717006866216,1,6,-22.345088663080293,0,0,1,0,1,1,0
LITE.US,2025-05-23,2.1984012449260977,1,6,-24.407252440725248,0,1,1,0,1,1,0
LITE.US,2025-05-28,-0.4172542111614625,0,6,-21.926678621239283,0,1,1,0,1,1,0
LITE.US,2025-06-02,-1.4971063215098694,0,5,-27.993624227933843,0,0,1,0,1,1,0
LITE.US,2025-06-05,-3.467235150839418,0,6,-20.023909145248055,1,0,1,1,1,1,0
LITE.US,2025-06-12,2.665411888211942,1,6,-17.95178322374975,0,0,1,0,1,1,0
LITE.US,2025-06-13,-1.315711986689939,0,7,-14.823670053795567,0,0,1,1,1,1,0
LITE.US,2025-06-16,1.1022450077462471,1,6,-17.84718071328949,0,0,0,0,0,1,0
LITE.US,2025-06-17,0.934587117861636,1,7,-14.544730025901565,1,0,0,1,1,1,0
LITE.US,2025-06-18,-0.2431635836419555,0,7,-13.981868898186889,0,0,0,1,0,1,0
LITE.US,2025-06-26,2.003776729345851,1,7,-8.577405857740583,0,1,0,0,1,1,0
LITE.US,2025-07-03,0.818558676703216,1,7,-9.105399481968524,0,0,0,0,1,1,0
LITE.US,2025-07-10,-1.609637668662935,0,8,-9.902370990237097,0,0,0,0,1,1,0
LITE.US,2025-07-11,0.4021145331144194,1,8,-7.730623630205214,0,0,0,0,1,1,0
LITE.US,2025-07-15,-0.9514004041529552,0,8,-8.109185096632798,0,0,0,0,1,1,0
LITE.US,2025-07-24,-1.1630780168494812,0,8,-1.6467642526964643,0,0,0,0,1,1,0
LITE.US,2025-07-28,-0.294649936998491,0,7,0.0,0,1,0,1,1,1,0
LITE.US,2025-07-29,-1.9397050990466649,0,7,0.0,0,1,0,1,1,1,0
LITE.US,2025-07-30,-1.0145829009235892,0,7,0.0,0,0,0,1,1,1,0
LITE.US,2025-07-31,-0.7369418119857738,0,7,0.0,0,0,0,1,1,1,0
LITE.US,2025-08-01,-2.1314183460070164,0,7,0.0,0,0,0,1,1,1,1
LITE.US,2025-08-04,1.945753477714783,1,7,-3.0886627906976716,0,0,0,0,0,0,2
LITE.US,2025-08-06,-1.680059584982033,0,7,-2.6815441374966165,0,0,0,0,0,1,2
LITE.US,2025-08-07,-1.0758236564843366,0,7,-1.0078286691262428,0,0,0,0,1,1,2
LITE.US,2025-08-08,2.338139300393864,1,7,0.0,0,0,0,0,1,1,2
LITE.US,2025-08-12,-1.382462144204207,0,7,-1.0664831856884827,0,0,1,0,1,1,2
LITE.US,2025-08-13,-4.0416271276815605,0,7,0.0,1,0,1,1,1,1,2
LITE.US,2025-08-18,1.930434319758068,1,7,-3.634700158030446,0,0,2,0,1,1,2
LITE.US,2025-08-19,-0.7446854018642751,0,7,-1.0396739582466896,0,0,2,0,1,1,2
LITE.US,2025-08-21,0.69753535249545,1,7,-3.6097479830325185,0,0,2,0,0,0,3
LITE.US,2025-08-25,2.0405704489414447,1,7,-0.7402478582716476,0,0,2,1,1,1,3
LITE.US,2025-08-26,-0.9471985450160566,0,7,0.0,0,0,2,1,0,1,3
LITE.US,2025-08-27,-1.3992052348131965,0,7,0.0,0,0,2,1,1,1,3
LITE.US,2025-08-28,4.345611821328808,1,7,0.0,0,0,2,1,1,1,3
LITE.US,2025-09-04,-1.1587284451080624,0,7,-1.054961268904464,1,0,2,1,0,1,4
LITE.US,2025-09-09,1.112898290365198,1,7,-0.04014452027298887,0,0,2,0,1,1,2
LITE.US,2025-09-10,2.3648016896405486,1,7,0.0,0,1,2,1,1,1,2
LITE.US,2025-09-11,-0.8350166148868385,0,7,0.0,1,0,2,1,1,1,2
LITE.US,2025-09-16,0.6657932826039986,1,7,0.0,1,0,2,1,1,1,2
LITE.US,2025-09-18,1.6002998915652242,1,8,-4.4236395552955,0,0,1,0,1,1,2
LITE.US,2025-09-25,8.291980866086936,1,8,-10.932944606413997,0,0,0,0,1,1,2
LITE.US,2025-09-26,-0.5819768041190414,0,8,-7.224489795918354,0,0,0,0,1,1,2
LITE.US,2025-09-30,-1.3157522860852942,0,8,-5.20116618075801,0,1,0,0,1,1,2
LITE.US,2025-10-01,6.442473911149975,1,8,-5.1253644314868785,0,1,0,0,1,1,2
LITE.US,2025-10-08,1.6166099131492857,1,8,-8.36734693877551,0,0,0,0,1,1,1
LITE.US,2025-10-09,-0.9202580522349744,0,8,-4.903790087463555,0,1,0,0,1,1,1
LITE.US,2025-10-16,1.1894828260706771,1,8,-8.70553935860059,0,0,0,0,1,1,2
LITE.US,2025-10-17,1.2395057161129972,1,8,-4.822157434402341,0,0,0,0,0,1,2
LITE.US,2025-10-20,-2.939977614380598,0,8,-3.924198250728861,0,0,0,0,1,1,2
LITE.US,2025-10-21,-2.1067614159603067,0,8,-6.122448979591832,0,0,0,0,1,1,2
LITE.US,2025-10-22,-1.4037665737767226,0,8,-4.9854227405247915,0,0,0,0,1,1,2
LITE.US,2025-10-23,5.378480160195346,1,8,-7.8367346938775455,0,0,0,0,1,1,2
LITE.US,2025-10-24,-1.1396877913201635,0,8,-1.7492711370262426,0,0,0,0,1,1,2
LITE.US,2025-10-28,-1.795522544236282,0,8,0.0,1,0,0,1,1,1,2
LITE.US,2025-10-30,-1.616849763555257,0,8,0.0,1,0,0,1,1,1,2
LITE.US,2025-10-31,-1.914091901675198,0,8,-6.603509426918053,0,0,0,0,1,1,1
LITE.US,2025-11-06,-2.6172299019676566,0,8,0.0,1,0,2,1,1,1,1
LITE.US,2025-11-10,-0.0499538496843069,0,8,0.0,0,0,2,1,0,0,2
LITE.US,2025-11-11,-1.799721906840976,0,8,0.0,1,0,2,1,1,1,2
LITE.US,2025-11-14,4.380568452862042,1,8,-12.70922313286389,0,0,2,0,0,0,2
LITE.US,2025-11-17,0.4248462343027633,1,8,-10.67374658509369,0,0,2,0,0,0,1
LITE.US,2025-11-19,3.130648606045256,1,8,-4.794336065258376,0,0,2,0,0,0,2
LITE.US,2025-11-21,-1.6949397574371108,0,8,-13.267886360255844,0,0,2,0,0,0,3
LITE.US,2025-11-24,8.45162902039761,1,8,-4.95686449501711,1,0,2,0,0,0,3
LITE.US,2025-11-28,4.812533072648001,1,8,0.0,0,0,2,1,1,1,3
LITE.US,2025-12-04,5.312641107099203,1,8,-6.82125722721122,0,1,2,0,1,1,3
LITE.US,2025-12-10,2.1609899157713808,1,8,0.0,0,0,1,1,1,1,3
LITE.US,2025-12-18,-1.7306611145632176,0,8,-13.932113198419726,0,0,0,0,0,0,2
LITE.US,2025-12-19,5.883676413134628,1,8,-9.395576339057754,0,0,0,0,0,0,2
LITE.US,2025-12-23,0.2610736909695245,1,8,0.0,0,1,0,1,1,1,2
LITE.US,2025-12-24,1.1571043122939983,1,8,-0.6335282651072083,0,1,0,0,1,1,2
LITE.US,2025-12-29,-2.4143883555604404,0,8,-1.3007678318852411,0,1,0,0,1,1,1
LITE.US,2025-12-30,-1.564883767631952,0,8,-5.887553041018389,0,0,0,0,1,1,0
LITE.US,2025-12-31,-1.0963662367018945,0,8,-6.248737118609826,0,1,0,0,1,1,0
LITE.US,2026-01-02,-1.95967328647752,0,8,-6.902909678722979,0,1,0,0,0,0,0
LITE.US,2026-01-09,1.5923891882271364,1,8,-12.369785113985209,0,0,1,0,1,1,0
LITE.US,2026-01-13,5.40990780209047,1,8,-14.480901816717829,0,0,1,0,1,1,0
LITE.US,2026-01-14,-2.3908820657345844,0,8,-9.081072920336176,0,0,1,0,1,1,0
LITE.US,2026-01-15,1.224069174457008,1,7,-16.556791303910224,0,0,1,0,0,0,0
LITE.US,2026-01-16,-1.8694332691724984,0,8,-13.62538372502643,0,0,1,0,0,1,0
LITE.US,2026-01-20,6.30840639563317,1,7,-18.41125257913543,0,0,1,0,0,1,0
LITE.US,2026-01-22,-1.4644755980316524,0,8,-8.801771425695737,0,0,1,0,0,0,1
LITE.US,2026-01-27,4.722849978048425,1,7,-16.347944240350266,0,1,1,0,1,1,1
LITE.US,2026-01-28,-2.961428200628351,0,8,-6.733430627547676,0,0,1,0,1,1,1
LITE.US,2026-01-30,-7.324722006211208,0,8,-4.0209350309496354,0,0,1,0,1,1,2
LITE.US,2026-02-02,0.6679815331630857,1,8,-1.404056162246503,1,0,1,0,0,0,2
LITE.US,2026-02-03,-1.8460679833099944,0,8,0.0,1,0,1,1,1,1,2
LITE.US,2026-02-04,-4.916669965776071,0,8,0.0,1,0,1,1,0,0,3
LITE.US,2026-02-05,14.269219729236053,1,8,0.0,1,0,1,1,0,0,4
LITE.US,2026-02-06,-4.2902155407874885,0,8,0.0,1,0,1,1,0,0,5
LITE.US,2026-02-09,1.71888192770048,1,8,0.0,1,0,1,1,0,0,5
LITE.US,2026-02-11,-4.785973673600498,0,8,-2.7757082214329043,0,0,0,0,0,0,5
LITE.US,2026-02-17,11.055133224707934,1,8,-3.5512288760154997,0,0,0,0,0,0,6
LITE.US,2026-02-20,2.7893010351526906,1,8,0.0,0,0,0,1,0,0,6
LITE.US,2026-02-24,-1.0442737409943494,0,8,0.0,0,0,0,1,0,0,6
LITE.US,2026-02-25,-1.8575570535220745,0,8,0.0,0,1,0,1,1,0,6
LITE.US,2026-02-26,-1.23410058299543,0,8,0.0,0,0,0,1,1,1,5
LITE.US,2026-02-27,-3.139355142572592,0,8,-6.412861665215164,0,0,0,0,1,0,6
LITE.US,2026-03-02,-2.71231664062843,0,8,-3.1075906495804495,1,0,0,0,0,0,6
LITE.US,2026-03-05,-2.3992307741231405,0,8,-13.080114905841056,0,0,0,0,1,1,7
LITE.US,2026-03-06,-3.4383880817092587,0,7,-16.907756144270657,0,0,0,0,1,0,8
LITE.US,2026-03-09,3.439856841435387,1,7,-28.70220236195339,0,0,1,0,0,0,8
LITE.US,2026-03-10,-3.444250932510775,0,7,-18.201085221832102,0,0,1,0,1,0,8
LITE.US,2026-03-12,-4.172975824207404,0,8,-14.20363868496649,0,0,1,0,1,0,7
LITE.US,2026-03-17,8.746273732687214,1,7,-20.224704755825083,0,0,1,0,0,0,5
LITE.US,2026-03-18,-2.7503412158741685,0,7,-17.06862432173636,1,0,1,0,1,0,5
LITE.US,2026-03-19,13.165437615102862,1,8,-10.525375039897867,1,0,1,0,0,0,5
LITE.US,2026-03-24,3.915487781401136,1,8,-6.932652409830831,0,0,2,0,0,0,4
LITE.US,2026-03-25,-2.101453001342493,0,8,0.0,0,0,2,1,0,0,4
LITE.US,2026-03-26,-1.6575718721032833,0,8,-3.0948016808189704,0,1,2,0,0,0,4
LITE.US,2026-03-27,-1.4961232074460682,0,8,-14.11364231474208,0,0,2,0,0,0,4
LITE.US,2026-04-01,3.2202693497951747,1,8,-12.372972231573964,0,0,2,0,0,0,4
LITE.US,2026-04-02,12.256887619028534,1,8,-4.655918402972614,0,0,2,0,1,0,4
LITE.US,2026-04-07,3.8133321874094905,1,8,-6.603134674922606,0,0,2,0,1,1,3
LITE.US,2026-04-09,-2.006630229566808,0,8,0.0,0,0,2,1,1,1,2
LITE.US,2026-04-13,-2.1141570325948003,0,8,0.0,0,0,2,0,1,1,1
LITE.US,2026-04-16,3.909669991399271,1,8,-8.16783684386493,0,0,1,0,1,1,0
LITE.US,2026-04-21,-2.3534161869834427,0,8,-0.2440655299230987,0,1,1,0,1,1,0
LITE.US,2026-04-22,-2.341986268382191,0,8,-6.729076117240607,0,0,1,0,1,1,0
LITE.US,2026-04-24,-0.7410960552526069,0,8,-5.6179650061294995,0,1,1,0,1,1,0
LITE.US,2026-04-28,-2.348006094632765,0,8,-4.192577733199599,0,0,0,0,1,1,0
LITE.US,2026-04-29,4.3661813003477805,1,8,-11.805416248746237,0,0,0,0,1,1,0
LITE.US,2026-04-30,-1.0076248196866957,0,8,-4.344143541736312,1,0,0,0,1,1,0
LITE.US,2026-05-01,-0.7114038034237837,0,8,0.0,1,0,0,0,1,1,0
