symbol,strategy,filled,phantom_rate_pct,win_rate,pf,cum_pct,max_dd,avg_pnl,recency_avg_pnl,recency_win_rate,recency_pf,last_90d_n,last_90d_pf,last_90d_cum_pct,last_180d_n,last_180d_pf,last_180d_cum_pct,n_tp,n_stop,composite_score,passes_filter,filter_fail_reasons
CRWV.US,ORB5_Z,119,0.0,30.3,1.36,53.35,-34.42,0.445,0.56,35.8,1.52,28,2.01,23.02,54,1.59,36.86,5,74,0.574,True,
CRWV.US,ORB15_VWAP,30,71.4,40.0,0.7,-10.87,-26.07,-0.35,0.365,53.0,1.48,5,16.42,8.7,9,0.98,-0.51,3,9,0.095,False,近半年PF<1.0
CRWV.US,VWAP_PB,28,41.7,39.3,0.61,-9.45,-12.89,-0.34,-0.016,41.9,0.98,7,1.63,2.26,12,1.18,1.2,5,16,-0.046,False,近期PF<1.1
CRWV.US,VWAP_MR,200,0.0,41.0,0.65,-43.48,-49.37,-0.272,-0.164,42.9,0.75,36,0.75,-5.52,79,0.89,-5.57,49,76,-0.158,False,近期PF<1.1|近半年PF<1.0
CRWV.US,EMA_X,117,0.0,41.9,0.68,-28.77,-32.18,-0.275,-0.189,40.7,0.74,27,1.09,1.17,48,0.5,-18.4,24,52,-0.264,False,近期PF<1.1|近半年PF<1.0
CRWV.US,DC20,102,39.6,44.1,1.08,3.59,-21.39,0.049,-0.249,37.0,0.6,20,0.39,-8.31,36,0.43,-12.98,11,39,-0.223,False,近期PF<1.1|近半年PF<1.0
CRWV.US,TTM_SQ,192,0.0,39.6,0.83,-22.02,-32.59,-0.117,-0.174,37.6,0.74,44,0.77,-6.85,82,0.62,-19.91,28,90,-0.183,False,近期PF<1.1|近半年PF<1.0
CRWV.US,ST_10_3,58,0.0,41.4,1.03,0.12,-9.93,0.018,-0.148,29.8,0.77,10,0.53,-3.37,15,0.51,-4.62,12,26,-0.163,False,近期PF<1.1|近半年PF<1.0
RKLB.US,ORB5_Z,184,0.0,29.9,1.19,37.7,-45.34,0.257,0.617,36.9,1.49,32,2.38,55.83,62,1.52,40.87,0,122,0.558,True,
RKLB.US,ORB15_VWAP,28,78.9,46.4,1.08,1.11,-7.9,0.065,0.095,51.9,1.16,5,6.1,3.54,8,0.68,-2.48,1,5,-0.032,False,近半年PF<1.0
RKLB.US,VWAP_PB,29,50.8,48.3,1.34,5.65,-3.48,0.202,0.145,50.0,1.23,8,1.2,0.9,13,1.15,1.09,10,14,0.138,True,
RKLB.US,VWAP_MR,242,0.0,47.1,0.91,-14.72,-30.78,-0.056,0.015,46.4,1.02,42,1.11,2.39,83,1.12,5.3,75,75,0.015,False,近期PF<1.1
RKLB.US,EMA_X,139,0.0,47.5,0.98,-3.79,-14.32,-0.015,0.091,50.0,1.13,23,1.21,3.09,46,0.98,-1.24,41,58,0.034,False,近半年PF<1.0
RKLB.US,DC20,110,46.3,49.1,1.35,19.08,-9.48,0.167,0.256,52.3,1.59,22,2.26,9.55,38,1.8,13.08,16,34,0.265,True,
RKLB.US,TTM_SQ,233,0.0,38.6,0.78,-31.57,-37.2,-0.152,-0.132,36.5,0.82,38,0.91,-2.86,76,0.84,-9.91,40,117,-0.136,False,近期PF<1.1|近半年PF<1.0
RKLB.US,ST_10_3,73,0.0,43.8,1.11,3.44,-9.63,0.054,0.208,57.3,1.49,15,2.52,5.79,25,1.5,5.64,14,30,0.182,True,
OKLO.US,ORB5_Z,162,0.0,36.4,1.51,167.52,-29.46,0.734,0.359,35.5,1.26,27,1.43,14.27,55,0.98,-5.24,1,98,0.298,False,近半年PF<1.0
OKLO.US,ORB15_VWAP,31,73.5,51.6,2.06,33.84,-11.11,1.009,1.546,55.1,3.06,6,10.39,21.44,14,3.14,22.27,7,7,1.452,True,
OKLO.US,VWAP_PB,36,43.8,36.1,0.82,-6.04,-14.0,-0.157,-0.119,43.8,0.82,8,0.32,-4.26,14,0.57,-4.6,7,20,-0.189,False,近期PF<1.1|近半年PF<1.0
OKLO.US,VWAP_MR,231,0.0,48.5,0.89,-18.05,-30.99,-0.074,-0.119,49.3,0.82,43,0.88,-2.98,82,0.79,-10.55,56,62,-0.113,False,近期PF<1.1|近半年PF<1.0
OKLO.US,EMA_X,131,0.0,42.7,0.88,-15.11,-21.3,-0.108,-0.221,38.5,0.74,21,0.54,-9.11,39,0.55,-15.57,36,58,-0.252,False,近期PF<1.1|近半年PF<1.0
OKLO.US,DC20,126,40.6,50.0,1.13,8.73,-16.83,0.08,0.124,52.9,1.25,20,1.0,-0.15,38,1.33,5.19,15,38,0.119,True,
OKLO.US,TTM_SQ,251,0.0,38.6,0.78,-38.98,-48.2,-0.182,-0.088,41.9,0.88,44,0.84,-5.32,78,1.14,5.95,43,123,-0.058,False,近期PF<1.1
OKLO.US,ST_10_3,56,0.0,46.4,0.93,-3.1,-8.43,-0.046,-0.123,41.0,0.83,1,0.0,-1.82,5,2.35,2.73,8,24,0.093,False,近期PF<1.1
INTC.US,ORB5_Z,186,0.0,36.0,1.35,55.53,-21.2,0.267,0.503,41.4,1.56,34,1.66,24.57,67,1.85,54.32,3,109,0.548,True,
INTC.US,ORB15_VWAP,29,80.4,31.0,0.21,-15.05,-16.3,-0.555,-0.507,35.8,0.19,5,0.2,-2.76,11,0.3,-3.72,0,6,-0.466,False,近期PF<1.1|近半年PF<1.0
INTC.US,VWAP_PB,26,56.7,30.8,0.61,-4.8,-5.74,-0.185,-0.161,35.0,0.66,2,0.0,-1.53,9,0.59,-1.74,6,16,-0.176,False,近期PF<1.1|近半年PF<1.0
INTC.US,VWAP_MR,228,0.0,43.0,0.63,-28.86,-30.15,-0.146,-0.128,43.5,0.71,37,0.76,-4.25,73,0.8,-6.1,55,68,-0.118,False,近期PF<1.1|近半年PF<1.0
INTC.US,EMA_X,120,0.0,39.2,0.67,-17.62,-21.03,-0.157,-0.094,46.8,0.81,18,1.41,2.84,34,0.76,-4.26,28,53,-0.116,False,近期PF<1.1|近半年PF<1.0
INTC.US,DC20,125,38.4,45.6,1.18,6.7,-5.84,0.055,0.159,48.7,1.44,24,1.77,6.95,42,1.25,4.01,10,42,0.119,True,
INTC.US,TTM_SQ,247,0.0,36.8,0.73,-25.72,-27.09,-0.117,-0.057,41.3,0.87,42,1.03,0.34,79,0.91,-3.35,44,127,-0.065,False,近期PF<1.1|近半年PF<1.0
INTC.US,ST_10_3,74,0.0,33.8,0.51,-13.1,-14.17,-0.187,-0.148,38.3,0.63,17,0.67,-2.37,31,0.58,-4.65,4,33,-0.156,False,近期PF<1.1|近半年PF<1.0
IREN.US,ORB5_Z,157,0.0,37.6,1.31,69.69,-23.83,0.409,0.691,39.9,1.57,26,1.57,16.84,57,1.43,31.51,3,90,0.593,True,
IREN.US,ORB15_VWAP,29,78.4,55.2,1.67,15.44,-7.77,0.536,0.696,55.2,1.73,1,inf,4.67,5,0.98,-0.31,3,6,0.437,False,近半年PF<1.0
IREN.US,VWAP_PB,26,57.4,46.2,1.51,7.45,-5.08,0.289,0.384,43.6,1.67,3,1.6,1.01,7,1.58,2.32,8,13,0.349,True,
IREN.US,VWAP_MR,225,0.0,49.8,0.88,-18.78,-24.01,-0.081,-0.074,49.2,0.9,39,1.12,2.38,76,0.98,-1.75,71,72,-0.06,False,近期PF<1.1|近半年PF<1.0
IREN.US,EMA_X,133,0.0,51.1,1.21,19.31,-13.05,0.149,0.209,54.7,1.32,23,1.0,-0.28,38,1.31,7.12,43,51,0.191,True,
IREN.US,DC20,122,44.0,48.4,0.96,-4.15,-18.48,-0.025,0.119,53.3,1.19,24,1.3,3.95,45,1.44,12.11,14,47,0.135,True,
IREN.US,TTM_SQ,245,0.0,40.0,0.87,-23.51,-37.8,-0.096,-0.202,38.4,0.75,40,0.62,-11.8,77,0.83,-10.32,44,122,-0.16,False,近期PF<1.1|近半年PF<1.0
IREN.US,ST_10_3,85,0.0,37.6,0.95,-3.19,-11.67,-0.029,0.071,43.5,1.13,16,1.45,3.24,33,1.45,7.26,16,36,0.096,True,
TSLL.US,ORB5_Z,185,0.0,28.1,1.01,-11.82,-35.81,0.014,-0.5,22.5,0.62,32,0.29,-28.49,62,0.51,-32.72,2,123,-0.406,False,近期PF<1.1|近半年PF<1.0
TSLL.US,ORB15_VWAP,24,82.0,41.7,0.52,-14.47,-19.27,-0.623,0.252,57.0,1.35,7,1.84,3.33,8,1.95,3.81,1,9,0.144,True,
TSLL.US,VWAP_PB,24,52.0,37.5,1.55,8.0,-5.4,0.34,0.485,40.6,2.0,4,1.13,0.23,5,2.21,2.41,6,13,0.455,True,
TSLL.US,VWAP_MR,230,0.0,43.5,0.69,-44.77,-48.02,-0.245,-0.261,44.8,0.62,41,0.66,-8.3,80,0.64,-16.98,60,88,-0.243,False,近期PF<1.1|近半年PF<1.0
TSLL.US,EMA_X,127,0.0,40.9,0.86,-15.56,-22.51,-0.118,-0.301,37.3,0.62,24,0.5,-9.37,48,0.59,-13.78,28,64,-0.26,False,近期PF<1.1|近半年PF<1.0
TSLL.US,DC20,114,42.4,38.6,0.62,-27.39,-31.46,-0.27,-0.098,36.0,0.82,18,0.73,-2.96,38,0.76,-4.93,8,50,-0.142,False,近期PF<1.1|近半年PF<1.0
TSLL.US,TTM_SQ,217,0.0,42.9,1.1,11.34,-18.33,0.063,0.041,42.7,1.07,36,1.14,2.67,72,1.01,-0.07,41,100,0.033,False,近期PF<1.1
TSLL.US,ST_10_3,24,0.0,50.0,1.25,2.67,-2.77,0.117,-0.056,38.6,0.88,2,0.0,-1.15,4,0.0,-2.77,4,9,-0.212,False,近期PF<1.1|近半年PF<1.0
PLTR.US,ORB5_Z,180,0.0,27.8,0.87,-21.31,-32.61,-0.11,-0.061,28.2,0.92,24,0.96,-1.0,53,0.81,-7.91,1,118,-0.097,False,近期PF<1.1|近半年PF<1.0
PLTR.US,ORB15_VWAP,15,89.4,60.0,1.98,5.63,-5.1,0.396,-0.434,39.5,0.26,3,0.07,-1.65,4,0.1,-1.6,1,1,-0.258,False,成交<20|近期PF<1.1|近半年PF<1.0
PLTR.US,VWAP_PB,34,42.4,52.9,1.37,4.46,-3.91,0.134,0.024,49.6,1.07,6,0.97,-0.08,14,1.12,0.45,11,16,0.048,False,近期PF<1.1
PLTR.US,VWAP_MR,215,0.0,45.6,0.72,-25.1,-34.55,-0.13,-0.14,45.8,0.66,40,0.83,-2.39,80,0.63,-11.01,64,87,-0.137,False,近期PF<1.1|近半年PF<1.0
PLTR.US,EMA_X,146,0.0,44.5,0.96,-3.5,-9.36,-0.019,-0.09,41.5,0.78,23,0.64,-3.43,43,0.53,-9.16,37,61,-0.113,False,近期PF<1.1|近半年PF<1.0
PLTR.US,DC20,125,39.9,45.6,1.08,2.45,-9.48,0.023,-0.03,44.8,0.89,14,0.58,-1.77,31,0.88,-1.0,7,37,-0.02,False,近期PF<1.1|近半年PF<1.0
PLTR.US,TTM_SQ,237,0.0,36.7,0.75,-24.02,-26.29,-0.111,-0.171,28.1,0.6,39,0.44,-9.18,73,0.51,-14.89,28,108,-0.169,False,近期PF<1.1|近半年PF<1.0
PLTR.US,ST_10_3,62,0.0,45.2,1.38,5.91,-2.12,0.096,0.124,50.6,1.56,1,inf,0.04,7,2.04,1.21,10,18,0.133,True,
NBIS.US,ORB5_Z,168,0.0,31.0,1.06,3.84,-42.1,0.071,0.56,38.0,1.54,33,1.92,32.19,62,1.82,55.14,3,110,0.561,True,
NBIS.US,ORB15_VWAP,24,82.6,41.7,0.88,-3.58,-14.57,-0.123,0.064,42.2,1.07,7,0.78,-1.52,12,0.79,-3.02,2,8,-0.068,False,近期PF<1.1|近半年PF<1.0
NBIS.US,VWAP_PB,35,43.5,25.7,0.47,-16.36,-16.36,-0.498,-0.497,22.6,0.48,6,0.36,-3.93,11,0.68,-3.28,5,24,-0.438,False,近期PF<1.1|近半年PF<1.0
NBIS.US,VWAP_MR,225,0.0,52.4,1.02,0.39,-28.33,0.013,0.019,57.1,1.03,39,1.74,11.1,76,1.23,8.31,67,63,0.045,False,近期PF<1.1
NBIS.US,EMA_X,146,0.0,48.6,1.11,9.0,-23.94,0.074,0.074,46.6,1.12,20,1.64,6.12,45,1.03,0.41,43,59,0.055,True,
NBIS.US,DC20,123,41.4,49.6,0.87,-9.88,-16.87,-0.076,-0.213,44.2,0.67,22,0.46,-9.58,46,0.77,-6.73,10,49,-0.166,False,近期PF<1.1|近半年PF<1.0
NBIS.US,TTM_SQ,253,0.0,40.3,0.96,-10.24,-27.82,-0.029,-0.05,39.8,0.93,39,1.23,5.04,85,0.74,-16.34,43,119,-0.088,False,近期PF<1.1|近半年PF<1.0
NBIS.US,ST_10_3,88,0.0,44.3,0.83,-9.36,-18.85,-0.104,0.093,50.9,1.16,22,1.66,7.35,36,1.51,8.98,14,38,0.101,True,
AMZN.US,ORB5_Z,156,0.0,31.4,0.9,-6.82,-16.67,-0.04,-0.099,30.1,0.76,28,0.65,-4.03,52,1.08,1.41,1,97,-0.049,False,近期PF<1.1
AMZN.US,ORB15_VWAP,27,82.6,44.4,1.2,1.1,-2.25,0.042,0.02,39.2,1.1,3,0.54,-0.37,9,0.91,-0.14,1,0,0.014,False,近半年PF<1.0
AMZN.US,VWAP_PB,45,32.8,22.2,0.64,-5.46,-8.03,-0.122,-0.164,17.9,0.49,6,0.2,-1.68,15,0.67,-1.58,10,31,-0.138,False,近期PF<1.1|近半年PF<1.0
AMZN.US,VWAP_MR,226,0.0,43.4,0.52,-23.91,-25.32,-0.12,-0.132,39.6,0.46,42,0.51,-4.14,78,0.41,-11.54,70,75,-0.134,False,近期PF<1.1|近半年PF<1.0
AMZN.US,EMA_X,151,0.0,39.1,0.58,-15.93,-18.61,-0.114,-0.195,31.4,0.39,29,0.4,-5.45,50,0.36,-9.97,30,69,-0.18,False,近期PF<1.1|近半年PF<1.0
AMZN.US,DC20,126,40.8,34.1,0.64,-9.76,-12.54,-0.08,-0.172,33.0,0.36,25,0.28,-5.35,43,0.39,-6.44,10,50,-0.147,False,近期PF<1.1|近半年PF<1.0
AMZN.US,TTM_SQ,243,0.0,39.9,0.82,-9.75,-18.3,-0.041,-0.02,41.6,0.91,34,1.43,2.85,78,0.94,-1.14,53,108,-0.023,False,近期PF<1.1|近半年PF<1.0
AMZN.US,ST_10_3,58,0.0,39.7,0.6,-4.62,-5.81,-0.081,-0.141,28.4,0.37,15,0.27,-2.36,26,0.43,-3.13,12,26,-0.123,False,近期PF<1.1|近半年PF<1.0
SOXL.US,ORB5_Z,191,0.0,30.9,0.99,-10.97,-29.85,-0.016,0.277,35.0,1.2,29,1.43,18.56,70,1.1,4.41,2,126,0.154,True,
SOXL.US,ORB15_VWAP,25,84.4,36.0,0.68,-6.63,-10.25,-0.257,-0.139,32.9,0.8,5,1.1,0.26,6,0.94,-0.27,1,6,-0.134,False,近期PF<1.1|近半年PF<1.0
SOXL.US,VWAP_PB,47,37.3,31.9,0.58,-15.34,-17.18,-0.343,-0.168,35.7,0.8,6,0.9,-0.63,16,0.64,-5.57,10,30,-0.257,False,近期PF<1.1|近半年PF<1.0
SOXL.US,VWAP_MR,218,0.0,50.0,0.91,-16.72,-27.31,-0.068,-0.212,49.0,0.77,32,0.89,-4.08,72,0.69,-20.33,76,87,-0.204,False,近期PF<1.1|近半年PF<1.0
SOXL.US,EMA_X,146,0.0,44.5,0.94,-8.64,-19.36,-0.044,0.2,47.2,1.29,17,1.51,6.88,33,1.11,2.07,35,66,0.11,True,
SOXL.US,DC20,138,38.1,46.4,1.35,24.55,-13.38,0.173,0.478,50.4,1.92,22,2.02,13.95,37,1.58,12.45,18,47,0.375,True,
SOXL.US,TTM_SQ,248,0.0,41.1,0.94,-11.4,-36.48,-0.037,-0.095,42.7,0.86,47,0.96,-2.19,87,0.73,-16.65,36,117,-0.112,False,近期PF<1.1|近半年PF<1.0
SOXL.US,ST_10_3,83,0.0,45.8,1.37,16.2,-9.26,0.195,0.43,52.4,1.84,22,2.17,11.77,39,1.5,10.31,10,36,0.333,True,
NVDL.US,ORB5_Z,168,0.0,30.4,0.91,-20.09,-35.8,-0.1,0.018,30.0,1.02,31,1.15,3.92,59,1.16,7.98,1,105,0.03,False,近期PF<1.1
NVDL.US,ORB15_VWAP,40,76.6,45.0,0.74,-8.91,-12.26,-0.215,-0.229,46.5,0.79,8,1.04,0.01,17,0.6,-8.06,2,11,-0.3,False,近期PF<1.1|近半年PF<1.0
NVDL.US,VWAP_PB,34,49.3,32.4,0.72,-5.46,-6.3,-0.159,-0.061,32.0,0.88,7,0.91,-0.41,11,0.84,-0.96,6,22,-0.088,False,近期PF<1.1|近半年PF<1.0
NVDL.US,VWAP_MR,226,0.0,46.0,0.77,-26.47,-31.78,-0.127,-0.1,47.8,0.79,42,0.9,-1.95,81,0.78,-7.84,64,74,-0.104,False,近期PF<1.1|近半年PF<1.0
NVDL.US,EMA_X,137,0.0,51.8,1.31,20.48,-11.96,0.146,0.198,50.5,1.45,22,1.44,4.37,42,1.04,0.6,31,53,0.132,True,
NVDL.US,DC20,123,41.4,42.3,1.0,-0.95,-16.5,-0.0,0.146,48.2,1.39,20,1.64,4.53,40,1.29,3.91,12,48,0.102,True,
NVDL.US,TTM_SQ,230,0.0,36.5,0.81,-25.68,-33.4,-0.119,-0.012,41.6,0.98,38,1.29,5.04,74,0.86,-5.54,45,123,-0.052,False,近期PF<1.1|近半年PF<1.0
NVDL.US,ST_10_3,72,0.0,34.7,0.79,-6.61,-12.21,-0.091,0.01,38.0,1.03,13,1.24,1.11,28,0.88,-1.34,9,33,-0.028,False,近期PF<1.1|近半年PF<1.0
TSLZ.US,ORB5_Z,122,0.0,36.9,1.34,49.73,-27.6,0.414,0.212,32.2,1.18,29,1.13,2.88,37,1.1,1.97,3,70,0.205,True,
TSLZ.US,ORB15_VWAP,44,62.4,54.5,1.68,28.44,-9.58,0.612,0.498,54.6,1.46,9,2.39,11.14,10,1.72,7.7,7,9,0.602,True,
TSLZ.US,VWAP_PB,33,23.3,45.5,1.49,10.25,-8.62,0.312,0.506,48.0,2.16,5,1.96,2.3,7,1.76,2.3,13,16,0.414,True,
TSLZ.US,VWAP_MR,169,0.0,46.2,0.82,-22.26,-27.53,-0.134,-0.305,47.4,0.59,42,0.49,-16.19,53,0.68,-11.62,49,52,-0.245,False,近期PF<1.1|近半年PF<1.0
TSLZ.US,EMA_X,116,0.0,43.1,0.9,-10.78,-21.93,-0.08,-0.045,41.9,0.93,22,1.13,1.31,33,0.88,-2.53,33,45,-0.062,False,近期PF<1.1|近半年PF<1.0
TSLZ.US,DC20,88,38.9,45.5,1.2,10.91,-10.98,0.136,-0.012,44.1,0.98,14,1.26,1.24,19,0.83,-1.5,11,28,-0.002,False,近期PF<1.1|近半年PF<1.0
TSLZ.US,TTM_SQ,170,0.0,42.9,1.01,-1.17,-19.17,0.012,-0.148,38.6,0.75,42,0.64,-8.08,56,0.81,-5.56,35,73,-0.101,False,近期PF<1.1|近半年PF<1.0
TSLZ.US,ST_10_3,41,0.0,31.7,0.62,-11.58,-16.01,-0.289,-0.225,34.8,0.59,21,0.5,-5.9,26,0.47,-7.33,4,22,-0.255,False,近期PF<1.1|近半年PF<1.0
NVDS.US,ORB5_Z,53,0.0,26.4,1.22,7.95,-10.08,0.185,-0.148,28.1,0.79,3,0.35,-1.17,3,0.35,-1.17,1,36,-0.154,False,近期PF<1.1|近半年PF<1.0
NVDS.US,ORB15_VWAP,14,74.1,42.9,1.51,5.65,-5.18,0.432,-0.639,21.6,0.44,1,0.0,-1.59,1,0.0,-1.59,3,6,-0.71,False,成交<20|近期PF<1.1|近半年PF<1.0
NVDS.US,VWAP_PB,8,61.9,25.0,0.66,-1.44,-3.21,-0.177,-0.297,9.5,0.33,1,0.0,-0.43,1,0.0,-0.43,2,5,-0.313,False,成交<20|近期PF<1.1|近半年PF<1.0
NVDS.US,VWAP_MR,100,0.0,37.0,0.77,-10.32,-11.54,-0.103,-0.216,28.5,0.5,9,0.31,-2.77,9,0.31,-2.77,25,38,-0.221,False,近期PF<1.1|近半年PF<1.0
NVDS.US,EMA_X,42,0.0,38.1,0.69,-7.37,-8.01,-0.176,0.047,52.8,1.12,1,inf,0.69,1,inf,0.69,15,23,0.195,True,
NVDS.US,DC20,37,51.3,40.5,1.54,6.81,-5.36,0.186,0.268,56.3,2.17,1,inf,0.65,1,inf,0.65,9,14,0.366,True,
NVDS.US,TTM_SQ,77,0.0,36.4,0.77,-8.29,-14.92,-0.107,0.012,37.4,1.04,5,1.89,0.68,5,1.89,0.68,20,43,0.025,False,近期PF<1.1
NVDS.US,ST_10_3,33,0.0,51.5,1.45,5.55,-3.74,0.17,0.018,50.7,1.09,6,0.89,-0.11,6,0.89,-0.11,9,14,0.038,False,近期PF<1.1|近半年PF<1.0
SOXS.US,ORB5_Z,48,0.0,16.7,0.52,-30.91,-36.39,-0.725,-0.792,16.2,0.45,0,,,0,,,1,38,-0.541,False,近期PF<1.1
SOXS.US,ORB15_VWAP,12,72.1,33.3,0.42,-8.63,-8.93,-0.728,-0.762,31.0,0.41,0,,,0,,,1,4,-0.527,False,成交<20|近期PF<1.1
SOXS.US,VWAP_PB,7,46.2,28.6,0.94,-0.45,-3.88,-0.048,-0.328,23.0,0.64,0,,,0,,,1,5,-0.174,False,成交<20|近期PF<1.1
SOXS.US,VWAP_MR,73,0.0,42.5,0.53,-24.74,-27.74,-0.377,-0.329,44.4,0.54,0,,,0,,,17,26,-0.24,False,近期PF<1.1
SOXS.US,EMA_X,43,0.0,39.5,0.8,-8.42,-18.66,-0.184,-0.175,37.0,0.79,0,,,0,,,13,17,-0.124,False,近期PF<1.1
SOXS.US,DC20,25,47.9,44.0,1.35,5.11,-9.36,0.217,0.179,43.3,1.33,0,,,0,,,5,8,0.133,True,
SOXS.US,TTM_SQ,67,0.0,34.3,0.85,-8.93,-14.05,-0.121,-0.119,34.7,0.85,0,,,0,,,13,36,-0.084,False,近期PF<1.1
SOXS.US,ST_10_3,15,0.0,33.3,0.49,-10.96,-17.32,-0.724,-0.864,31.4,0.42,0,,,0,,,2,7,-0.577,False,成交<20|近期PF<1.1
HOOD.US,ORB5_Z,179,0.0,31.8,1.06,3.29,-32.85,0.053,-0.139,29.2,0.84,30,0.68,-8.59,57,0.68,-15.76,1,109,-0.142,False,近期PF<1.1|近半年PF<1.0
HOOD.US,ORB15_VWAP,28,83.4,46.4,0.76,-3.96,-10.13,-0.136,-0.462,37.9,0.35,5,0.45,-1.47,10,0.32,-5.25,1,5,-0.416,False,近期PF<1.1|近半年PF<1.0
HOOD.US,VWAP_PB,32,38.5,25.0,0.82,-3.19,-10.34,-0.094,-0.483,14.9,0.19,5,0.01,-2.95,11,0.01,-6.69,5,22,-0.443,False,近期PF<1.1|近半年PF<1.0
HOOD.US,VWAP_MR,219,0.0,51.6,0.98,-2.9,-11.97,-0.008,-0.008,50.8,0.98,33,0.99,-0.22,74,0.83,-4.71,62,61,-0.025,False,近期PF<1.1|近半年PF<1.0
HOOD.US,EMA_X,152,0.0,51.3,1.16,10.89,-14.43,0.075,-0.012,46.6,0.97,28,1.05,0.53,51,0.66,-9.05,46,59,-0.044,False,近期PF<1.1|近半年PF<1.0
HOOD.US,DC20,126,41.1,45.2,1.08,3.48,-14.86,0.033,0.142,48.9,1.43,21,1.41,2.85,38,1.48,5.66,15,43,0.122,True,
HOOD.US,TTM_SQ,234,0.0,43.2,0.87,-15.23,-21.31,-0.065,-0.055,47.9,0.87,41,0.76,-4.25,72,0.82,-5.44,37,108,-0.063,False,近期PF<1.1|近半年PF<1.0
HOOD.US,ST_10_3,60,0.0,43.3,0.83,-3.83,-7.25,-0.062,-0.068,41.7,0.83,2,1.02,0.01,6,0.69,-0.77,9,22,-0.085,False,近期PF<1.1|近半年PF<1.0
AMD.US,ORB5_Z,205,0.0,29.8,0.84,-24.81,-29.46,-0.122,-0.245,27.9,0.74,38,0.53,-18.29,76,0.75,-17.8,4,134,-0.217,False,近期PF<1.1|近半年PF<1.0
AMD.US,ORB15_VWAP,23,85.4,52.2,0.85,-1.74,-6.35,-0.071,0.423,73.4,2.59,4,inf,3.95,6,9.8,4.34,0,3,0.414,True,
AMD.US,VWAP_PB,26,46.9,19.2,0.39,-8.55,-9.2,-0.34,-0.245,27.2,0.57,5,1.03,0.05,10,0.58,-2.27,4,19,-0.259,False,近期PF<1.1|近半年PF<1.0
AMD.US,VWAP_MR,227,0.0,51.1,0.82,-14.2,-16.02,-0.064,-0.151,45.9,0.66,31,0.66,-4.92,71,0.6,-12.06,73,71,-0.139,False,近期PF<1.1|近半年PF<1.0
AMD.US,EMA_X,132,0.0,41.7,0.93,-3.8,-19.21,-0.025,0.15,52.3,1.47,25,2.95,10.93,42,1.42,5.28,30,54,0.108,True,
AMD.US,DC20,126,41.9,41.3,0.85,-6.3,-12.8,-0.049,0.068,43.6,1.19,22,1.4,3.29,39,1.11,1.28,11,46,0.034,True,
AMD.US,TTM_SQ,247,0.0,33.6,0.55,-37.76,-37.82,-0.189,-0.139,37.1,0.67,52,0.73,-6.03,87,0.66,-11.72,25,123,-0.148,False,近期PF<1.1|近半年PF<1.0
AMD.US,ST_10_3,61,0.0,36.1,1.17,2.41,-8.04,0.042,0.38,49.1,2.96,15,4.25,8.93,27,3.45,10.6,9,22,0.316,True,
EOSE.US,ORB5_Z,152,0.0,30.3,1.19,33.01,-45.72,0.291,0.3,27.4,1.19,21,1.23,5.75,45,0.86,-13.39,2,101,0.119,False,近半年PF<1.0
EOSE.US,ORB15_VWAP,30,75.4,46.7,1.16,4.28,-16.7,0.187,1.67,74.8,3.93,4,inf,13.85,8,4.35,14.04,4,10,1.399,True,
EOSE.US,VWAP_PB,32,44.8,46.9,1.52,14.93,-9.81,0.47,0.431,50.0,1.57,4,1.78,1.83,12,1.01,-0.15,13,16,0.306,True,
EOSE.US,VWAP_MR,254,0.0,44.5,0.78,-34.71,-44.19,-0.156,-0.344,43.1,0.57,40,0.64,-10.18,82,0.57,-24.08,61,77,-0.291,False,近期PF<1.1|近半年PF<1.0
EOSE.US,EMA_X,140,0.0,42.9,0.9,-13.14,-25.76,-0.085,-0.011,43.4,0.99,19,0.94,-1.15,40,0.91,-3.69,43,64,-0.05,False,近期PF<1.1|近半年PF<1.0
EOSE.US,DC20,99,52.2,45.5,0.99,-1.83,-11.35,-0.004,-0.08,44.4,0.89,14,0.79,-1.71,34,0.9,-2.73,12,40,-0.065,False,近期PF<1.1|近半年PF<1.0
EOSE.US,TTM_SQ,231,0.0,35.5,0.78,-39.16,-46.72,-0.199,-0.034,38.0,0.96,34,1.2,4.31,64,0.84,-9.23,57,128,-0.1,False,近期PF<1.1|近半年PF<1.0
EOSE.US,ST_10_3,60,0.0,50.0,1.48,17.15,-7.51,0.277,0.225,46.5,1.33,0,,,9,1.31,1.92,19,25,0.232,True,
MSFL.US,ORB5_Z,162,0.0,39.5,1.41,38.34,-11.63,0.22,0.421,43.3,1.75,25,2.0,15.56,54,1.8,25.43,9,88,0.396,True,
MSFL.US,ORB15_VWAP,26,85.9,34.6,0.8,-3.89,-9.72,-0.135,-0.583,39.7,0.28,2,0.03,-1.68,7,0.05,-7.58,1,10,-0.643,False,近期PF<1.1|近半年PF<1.0
MSFL.US,VWAP_PB,12,76.5,33.3,0.74,-1.32,-2.15,-0.108,-0.019,38.6,0.96,4,1.28,0.43,5,1.0,-0.02,4,7,-0.032,False,成交<20|近期PF<1.1
MSFL.US,VWAP_MR,262,0.0,47.7,0.72,-17.49,-17.77,-0.072,-0.137,43.9,0.59,41,0.47,-8.85,87,0.52,-13.9,94,82,-0.131,False,近期PF<1.1|近半年PF<1.0
MSFL.US,EMA_X,155,0.0,35.5,0.52,-22.01,-22.4,-0.159,-0.304,31.1,0.35,21,0.27,-8.72,47,0.43,-11.45,48,89,-0.257,False,近期PF<1.1|近半年PF<1.0
MSFL.US,DC20,48,79.2,37.5,0.72,-4.52,-7.8,-0.093,-0.221,32.9,0.43,19,0.43,-4.04,25,0.44,-5.05,8,23,-0.19,False,近期PF<1.1|近半年PF<1.0
MSFL.US,TTM_SQ,161,0.0,34.8,0.69,-16.93,-18.66,-0.112,-0.159,33.3,0.63,38,0.56,-7.39,68,0.64,-10.53,42,89,-0.148,False,近期PF<1.1|近半年PF<1.0
MSFL.US,ST_10_3,138,0.0,35.5,0.55,-13.3,-16.44,-0.103,-0.113,35.4,0.54,1,0.0,-0.62,1,0.0,-0.62,40,87,-0.263,False,近期PF<1.1|近半年PF<1.0
MSFU.US,ORB5_Z,165,0.0,33.9,1.26,23.48,-20.39,0.15,0.342,39.9,1.57,22,1.72,10.92,48,1.77,21.89,4,99,0.338,True,
MSFU.US,ORB15_VWAP,38,79.2,36.8,0.54,-9.46,-11.34,-0.256,-0.039,39.4,0.9,3,2.33,1.12,9,0.99,-0.1,0,11,-0.074,False,近期PF<1.1|近半年PF<1.0
MSFU.US,VWAP_PB,24,54.7,41.7,0.85,-1.09,-3.35,-0.044,0.062,50.3,1.19,6,1.06,0.11,9,1.54,1.43,7,13,0.07,True,
MSFU.US,VWAP_MR,250,0.0,43.6,0.69,-21.01,-24.06,-0.092,-0.091,45.0,0.73,42,0.61,-6.27,85,0.71,-8.13,73,78,-0.093,False,近期PF<1.1|近半年PF<1.0
MSFU.US,EMA_X,132,0.0,37.9,0.55,-21.27,-23.36,-0.179,-0.364,31.7,0.32,22,0.27,-9.23,45,0.32,-15.49,36,67,-0.321,False,近期PF<1.1|近半年PF<1.0
MSFU.US,DC20,98,58.5,39.8,0.62,-11.17,-13.99,-0.119,-0.142,44.9,0.58,22,0.68,-2.34,33,0.69,-3.17,12,49,-0.124,False,近期PF<1.1|近半年PF<1.0
MSFU.US,TTM_SQ,210,0.0,35.2,0.65,-24.59,-28.78,-0.132,-0.249,30.3,0.47,40,0.43,-10.77,80,0.48,-19.09,49,116,-0.222,False,近期PF<1.1|近半年PF<1.0
MSFU.US,ST_10_3,88,0.0,38.6,0.63,-6.92,-10.56,-0.081,-0.048,41.1,0.77,0,,,0,,,24,47,-0.04,False,近期PF<1.1
CIFR.US,ORB5_Z,150,0.0,30.7,1.14,20.88,-38.26,0.234,0.613,35.9,1.42,25,1.84,27.36,54,1.25,15.68,2,94,0.44,True,
CIFR.US,ORB15_VWAP,53,67.3,37.7,0.86,-11.77,-16.77,-0.19,-0.152,34.4,0.85,7,1.23,0.73,13,0.63,-5.11,6,19,-0.232,False,近期PF<1.1|近半年PF<1.0
CIFR.US,VWAP_PB,28,49.1,42.9,1.52,10.05,-7.66,0.36,0.158,35.1,1.22,2,0.0,-1.89,6,2.61,4.52,10,14,0.377,True,
CIFR.US,VWAP_MR,232,0.0,52.6,1.03,1.11,-21.46,0.022,-0.05,53.0,0.93,37,0.86,-4.0,79,1.03,0.47,72,71,-0.019,False,近期PF<1.1
CIFR.US,EMA_X,153,0.0,46.4,0.96,-7.99,-34.55,-0.034,0.441,57.8,1.72,28,2.55,20.58,47,1.66,20.09,51,63,0.342,True,
CIFR.US,DC20,124,42.6,41.1,0.89,-10.48,-17.86,-0.075,-0.079,39.7,0.9,21,0.84,-3.02,36,0.93,-2.47,11,42,-0.075,False,近期PF<1.1|近半年PF<1.0
CIFR.US,TTM_SQ,248,0.0,44.8,1.08,12.36,-18.02,0.067,0.118,44.6,1.16,46,1.15,4.04,82,1.21,11.02,53,118,0.113,True,
CIFR.US,ST_10_3,87,0.0,51.7,1.15,6.69,-11.13,0.085,0.173,52.2,1.32,21,0.98,-0.35,44,1.57,12.88,16,33,0.191,True,
AAOI.US,ORB5_Z,168,0.0,35.7,1.64,280.91,-25.14,0.925,1.513,37.7,1.98,27,2.08,56.18,57,2.15,141.46,3,101,1.686,True,
AAOI.US,ORB15_VWAP,31,71.8,54.8,1.92,24.6,-8.41,0.765,2.382,64.5,4.61,2,inf,12.74,9,2.84,16.15,4,5,1.882,True,
AAOI.US,VWAP_PB,18,64.0,77.8,5.92,25.78,-3.21,1.296,1.398,72.7,4.61,2,2.57,1.71,8,4.67,12.31,10,4,1.42,False,成交<20
AAOI.US,VWAP_MR,228,0.0,44.7,0.73,-45.07,-50.25,-0.244,-0.21,51.1,0.78,38,0.86,-6.03,74,0.76,-17.0,56,78,-0.223,False,近期PF<1.1|近半年PF<1.0|DD<-50%
AAOI.US,EMA_X,134,0.0,44.8,1.02,-0.14,-21.63,0.016,0.017,47.2,1.02,18,1.16,2.22,37,0.63,-14.33,43,55,-0.104,False,近期PF<1.1|近半年PF<1.0
AAOI.US,DC20,105,49.5,43.8,0.94,-5.62,-14.63,-0.042,-0.061,44.5,0.93,23,0.64,-8.63,41,1.11,2.96,11,41,-0.017,False,近期PF<1.1
AAOI.US,TTM_SQ,226,0.0,45.6,1.27,49.39,-15.33,0.197,0.118,41.7,1.15,43,0.96,-2.65,81,1.13,7.45,52,98,0.126,True,
AAOI.US,ST_10_3,57,0.0,49.1,1.27,8.95,-6.48,0.164,-0.046,44.8,0.94,17,0.61,-5.99,31,0.98,-1.01,8,24,0.0,False,近期PF<1.1|近半年PF<1.0
ARM.US,ORB5_Z,190,0.0,36.3,1.25,35.71,-24.76,0.197,0.354,38.3,1.35,37,1.57,26.27,69,1.2,11.72,2,108,0.267,True,
ARM.US,ORB15_VWAP,34,78.2,32.4,0.63,-8.43,-13.63,-0.246,0.109,38.3,1.19,5,6.51,5.68,9,1.09,0.32,0,6,0.016,True,
ARM.US,VWAP_PB,42,35.4,38.1,1.03,0.32,-4.05,0.012,-0.038,34.7,0.93,9,1.07,0.29,13,0.82,-1.62,11,24,-0.054,False,近期PF<1.1|近半年PF<1.0
ARM.US,VWAP_MR,221,0.0,48.4,0.82,-14.03,-20.77,-0.065,-0.032,50.9,0.92,29,1.16,1.91,73,1.05,0.97,68,68,-0.025,False,近期PF<1.1
ARM.US,EMA_X,136,0.0,46.3,1.05,1.68,-9.71,0.016,0.116,50.0,1.38,20,2.85,7.38,43,1.13,1.63,32,45,0.073,True,
ARM.US,DC20,131,39.4,40.5,0.77,-10.74,-19.35,-0.083,0.149,48.9,1.5,21,1.79,5.05,38,1.61,6.13,12,54,0.106,True,
ARM.US,TTM_SQ,227,0.0,42.3,1.11,7.48,-10.29,0.036,0.141,43.5,1.42,43,1.47,7.53,74,1.49,11.59,41,81,0.125,True,
ARM.US,ST_10_3,55,0.0,32.7,0.81,-3.51,-7.33,-0.062,0.18,51.4,1.59,13,1.75,2.85,13,1.75,2.85,8,21,0.143,True,
MU.US,ORB5_Z,194,0.0,33.0,0.99,-5.3,-22.49,-0.007,0.063,32.6,1.07,34,1.07,1.24,69,1.11,5.58,4,118,0.054,False,近期PF<1.1
MU.US,ORB15_VWAP,28,81.5,53.6,1.69,6.17,-3.37,0.222,0.269,64.1,1.53,6,1.62,2.14,7,1.75,2.61,1,2,0.291,True,
MU.US,VWAP_PB,23,54.9,47.8,1.31,2.42,-2.95,0.109,0.24,41.9,1.56,5,1.04,0.06,9,1.17,0.62,7,11,0.162,True,
MU.US,VWAP_MR,211,0.0,51.2,0.84,-13.52,-16.53,-0.065,-0.107,51.5,0.78,39,0.86,-3.16,73,0.7,-10.81,61,71,-0.111,False,近期PF<1.1|近半年PF<1.0
MU.US,EMA_X,140,0.0,45.7,0.98,-1.72,-12.56,-0.008,0.034,46.3,1.08,22,1.38,3.8,40,1.26,3.89,31,50,0.045,False,近期PF<1.1
MU.US,DC20,135,38.6,49.6,1.16,5.19,-10.14,0.041,0.315,57.4,2.36,19,3.47,10.74,46,2.38,14.32,9,34,0.259,True,
MU.US,TTM_SQ,250,0.0,41.2,0.9,-10.44,-22.99,-0.039,0.012,44.2,1.02,45,1.35,7.58,87,0.95,-2.86,42,109,-0.012,False,近期PF<1.1|近半年PF<1.0
MU.US,ST_10_3,83,0.0,50.6,1.53,10.55,-4.97,0.124,0.19,53.5,1.67,17,1.55,2.99,28,1.07,0.63,15,24,0.127,True,
MRVL.US,ORB5_Z,191,0.0,32.5,0.94,-10.82,-26.36,-0.042,0.185,36.1,1.24,35,1.44,12.5,68,1.19,7.92,3,117,0.119,True,
MRVL.US,ORB15_VWAP,29,82.2,55.2,3.09,19.17,-2.09,0.62,1.051,60.9,5.17,4,10.88,5.98,8,3.4,5.72,2,1,0.864,True,
MRVL.US,VWAP_PB,45,37.5,37.8,0.99,-0.38,-5.21,-0.003,-0.021,39.1,0.96,7,0.54,-2.74,16,1.25,1.97,10,24,0.026,False,近期PF<1.1
MRVL.US,VWAP_MR,230,0.0,49.1,0.88,-10.97,-17.26,-0.046,-0.083,48.1,0.82,30,0.95,-1.02,78,0.81,-6.36,78,68,-0.075,False,近期PF<1.1|近半年PF<1.0
MRVL.US,EMA_X,130,0.0,36.9,0.63,-22.52,-25.27,-0.191,-0.134,39.5,0.76,22,1.13,1.37,41,0.66,-7.74,26,62,-0.162,False,近期PF<1.1|近半年PF<1.0
MRVL.US,DC20,118,42.7,45.8,0.92,-3.87,-7.68,-0.029,-0.058,46.8,0.87,26,0.63,-4.89,40,0.98,-0.59,14,44,-0.039,False,近期PF<1.1|近半年PF<1.0
MRVL.US,TTM_SQ,236,0.0,41.9,0.86,-13.99,-19.29,-0.059,-0.018,45.3,0.96,48,1.24,4.75,82,0.96,-1.96,45,108,-0.028,False,近期PF<1.1|近半年PF<1.0
MRVL.US,ST_10_3,38,0.0,42.1,1.05,0.49,-4.65,0.017,0.092,45.3,1.23,13,1.34,1.62,16,0.9,-0.79,9,15,0.035,False,近半年PF<1.0
DELL.US,ORB5_Z,194,0.0,43.3,1.53,72.0,-12.51,0.298,0.883,55.5,2.66,31,3.49,51.88,62,2.63,68.7,2,95,0.834,True,
DELL.US,ORB15_VWAP,35,78.7,45.7,0.98,-0.76,-10.85,-0.011,-0.103,47.7,0.78,5,2.97,1.6,11,0.85,-0.79,1,8,-0.075,False,近期PF<1.1|近半年PF<1.0
DELL.US,VWAP_PB,34,45.2,29.4,0.6,-5.19,-8.05,-0.154,-0.199,29.3,0.58,3,0.71,-0.41,9,0.53,-2.34,8,23,-0.208,False,近期PF<1.1|近半年PF<1.0
DELL.US,VWAP_MR,211,0.0,41.7,0.54,-29.85,-33.75,-0.166,-0.059,47.7,0.82,31,1.69,5.01,72,0.95,-1.35,53,74,-0.068,False,近期PF<1.1|近半年PF<1.0
DELL.US,EMA_X,140,0.0,42.1,0.73,-14.64,-20.64,-0.109,-0.002,46.9,1.0,24,1.17,1.62,43,0.79,-4.31,32,60,-0.053,False,近期PF<1.1|近半年PF<1.0
DELL.US,DC20,132,42.1,36.4,0.78,-9.01,-16.61,-0.069,0.1,43.9,1.31,23,1.62,4.59,42,1.47,5.8,16,47,0.078,True,
DELL.US,TTM_SQ,240,0.0,33.8,0.66,-27.04,-30.39,-0.128,-0.068,35.9,0.83,46,1.13,2.14,87,0.77,-8.03,38,118,-0.087,False,近期PF<1.1|近半年PF<1.0
DELL.US,ST_10_3,58,0.0,32.8,0.41,-11.56,-11.59,-0.21,-0.255,35.4,0.45,10,0.51,-2.42,15,0.57,-3.14,6,33,-0.232,False,近期PF<1.1|近半年PF<1.0
ALAB.US,ORB5_Z,173,0.0,38.7,1.4,79.83,-14.59,0.386,0.83,40.9,1.8,35,2.14,47.43,63,2.05,84.23,1,100,0.893,True,
ALAB.US,ORB15_VWAP,24,82.9,70.8,1.67,6.72,-5.46,0.283,0.358,72.6,1.79,2,inf,2.7,7,0.92,-0.53,0,2,0.213,False,近半年PF<1.0
ALAB.US,VWAP_PB,35,41.7,40.0,0.83,-3.31,-8.55,-0.09,-0.269,32.5,0.63,4,0.46,-2.15,11,0.75,-1.88,8,17,-0.204,False,近期PF<1.1|近半年PF<1.0
ALAB.US,VWAP_MR,209,0.0,42.1,0.68,-34.04,-37.07,-0.192,-0.237,39.7,0.64,30,0.88,-2.61,61,0.57,-15.93,52,73,-0.235,False,近期PF<1.1|近半年PF<1.0
ALAB.US,EMA_X,156,0.0,50.6,1.12,9.2,-12.19,0.065,0.127,55.0,1.25,28,1.71,8.33,57,1.01,-0.23,39,59,0.075,True,
ALAB.US,DC20,129,43.2,48.1,1.14,7.58,-8.8,0.064,0.014,49.6,1.03,32,1.13,1.83,50,1.07,1.38,16,50,0.028,False,近期PF<1.1
ALAB.US,TTM_SQ,248,0.0,39.1,0.91,-13.67,-28.79,-0.051,0.044,41.6,1.08,48,1.14,3.38,87,1.04,1.1,43,110,0.016,False,近期PF<1.1
ALAB.US,ST_10_3,47,0.0,46.8,1.08,1.47,-9.11,0.039,0.198,47.0,1.42,11,1.41,2.01,20,1.84,6.96,9,19,0.211,True,
MXL.US,ORB5_Z,183,0.0,38.3,1.63,140.85,-20.97,0.532,1.368,48.4,2.7,36,3.45,105.23,69,2.54,115.09,7,104,1.291,True,
MXL.US,ORB15_VWAP,48,70.4,50.0,1.23,6.9,-11.86,0.162,0.159,43.2,1.24,5,0.59,-2.15,10,0.84,-0.97,2,12,0.083,False,近半年PF<1.0
MXL.US,VWAP_PB,32,43.9,50.0,1.9,10.51,-3.52,0.322,0.285,44.8,1.55,7,1.18,0.76,13,2.12,5.74,12,15,0.339,True,
MXL.US,VWAP_MR,238,0.0,48.7,0.83,-17.73,-20.68,-0.076,-0.096,46.7,0.82,39,0.78,-5.46,86,0.86,-6.48,85,73,-0.086,False,近期PF<1.1|近半年PF<1.0
MXL.US,EMA_X,155,0.0,45.2,1.13,9.07,-8.73,0.063,0.052,43.8,1.1,27,1.18,2.35,53,0.91,-2.87,48,66,0.022,False,近半年PF<1.0
MXL.US,DC20,110,52.4,32.7,0.54,-22.36,-23.66,-0.226,-0.31,33.0,0.43,18,0.19,-10.03,36,0.53,-8.04,12,54,-0.267,False,近期PF<1.1|近半年PF<1.0
MXL.US,TTM_SQ,234,0.0,38.5,0.93,-11.02,-24.36,-0.041,0.042,42.6,1.07,44,1.08,1.81,81,1.09,3.1,56,122,0.024,False,近期PF<1.1
MXL.US,ST_10_3,81,0.0,38.3,1.14,3.6,-7.11,0.048,0.141,40.1,1.46,20,1.78,4.1,51,1.39,5.83,17,40,0.114,True,
ORCL.US,ORB5_Z,148,0.0,35.1,1.4,35.67,-18.61,0.225,0.247,36.3,1.39,26,1.93,14.43,53,1.03,0.1,1,91,0.169,True,
ORCL.US,ORB15_VWAP,31,80.6,54.8,1.21,2.23,-8.1,0.078,-0.552,41.2,0.32,3,0.13,-3.12,11,0.11,-8.06,3,6,-0.48,False,近期PF<1.1|近半年PF<1.0
ORCL.US,VWAP_PB,21,53.3,38.1,0.68,-2.05,-4.41,-0.097,-0.014,49.1,0.96,3,1.24,0.22,6,1.11,0.21,4,12,-0.016,False,近期PF<1.1
ORCL.US,VWAP_MR,227,0.0,42.7,0.67,-21.25,-23.03,-0.103,-0.06,47.3,0.81,38,0.91,-1.09,74,0.89,-2.67,65,70,-0.061,False,近期PF<1.1|近半年PF<1.0
ORCL.US,EMA_X,149,0.0,49.0,1.04,1.35,-4.85,0.012,-0.027,46.8,0.93,20,0.6,-3.89,37,0.79,-2.98,45,59,-0.035,False,近期PF<1.1|近半年PF<1.0
ORCL.US,DC20,118,44.1,43.2,0.8,-6.65,-9.49,-0.056,0.028,48.3,1.1,17,1.37,1.58,36,0.94,-0.67,12,47,-0.003,False,近半年PF<1.0
ORCL.US,TTM_SQ,240,0.0,37.1,0.73,-20.11,-24.72,-0.091,-0.042,40.5,0.88,42,1.01,0.05,80,0.73,-7.97,42,111,-0.069,False,近期PF<1.1|近半年PF<1.0
ORCL.US,ST_10_3,54,0.0,50.0,0.92,-1.02,-4.59,-0.018,0.118,67.9,1.73,3,inf,1.02,3,inf,1.02,9,22,0.157,True,
LITE.US,ORB5_Z,187,0.0,39.0,1.24,49.71,-24.63,0.273,0.581,40.8,1.45,31,2.06,42.17,68,1.35,32.58,1,106,0.489,True,
LITE.US,ORB15_VWAP,30,79.2,53.3,0.88,-3.0,-11.39,-0.089,0.419,57.9,1.71,4,1.68,1.59,6,1.46,1.84,0,8,0.284,True,
LITE.US,VWAP_PB,37,47.1,43.2,1.49,9.14,-5.35,0.247,0.755,55.4,2.54,6,2.16,4.72,14,2.53,10.38,13,18,0.649,True,
LITE.US,VWAP_MR,224,0.0,50.4,0.88,-14.61,-25.23,-0.062,-0.07,52.2,0.89,35,0.76,-6.42,74,1.07,2.15,62,72,-0.039,False,近期PF<1.1
LITE.US,EMA_X,144,0.0,47.2,1.2,13.41,-12.05,0.095,0.277,49.4,1.55,23,1.88,10.5,41,1.27,6.12,36,53,0.202,True,
LITE.US,DC20,126,42.2,42.1,0.69,-16.56,-16.56,-0.139,-0.158,43.4,0.7,23,0.73,-3.76,46,0.74,-6.51,8,46,-0.149,False,近期PF<1.1|近半年PF<1.0
LITE.US,TTM_SQ,241,0.0,46.5,0.97,-4.84,-16.43,-0.014,0.024,47.2,1.04,44,1.32,6.97,80,0.86,-7.71,37,104,-0.02,False,近期PF<1.1|近半年PF<1.0
LITE.US,ST_10_3,75,0.0,42.7,0.88,-3.67,-8.84,-0.045,0.067,43.6,1.16,14,1.72,3.06,25,1.5,4.94,9,29,0.084,True,
SNDK.US,ORB5_Z,180,0.0,37.2,1.44,110.79,-39.01,0.476,1.042,40.4,2.02,36,2.33,56.7,70,2.18,114.29,2,99,1.106,True,
SNDK.US,ORB15_VWAP,35,73.5,48.6,1.01,-0.4,-12.93,0.009,-0.075,55.7,0.91,3,0.59,-0.96,5,0.3,-4.45,0,7,-0.303,False,近期PF<1.1|近半年PF<1.0
SNDK.US,VWAP_PB,28,54.1,35.7,0.93,-1.67,-8.97,-0.047,-0.152,32.5,0.81,6,0.66,-1.73,15,0.9,-1.32,8,17,-0.112,False,近期PF<1.1|近半年PF<1.0
SNDK.US,VWAP_MR,198,0.0,54.0,1.05,3.14,-12.13,0.024,0.01,52.6,1.02,36,0.86,-3.0,73,1.19,6.5,65,59,0.037,False,近期PF<1.1
SNDK.US,EMA_X,119,0.0,46.2,1.17,10.03,-13.28,0.09,0.184,42.9,1.33,17,1.59,5.33,34,1.34,6.36,27,44,0.166,True,
SNDK.US,DC20,106,46.7,34.9,0.67,-20.65,-22.84,-0.209,-0.178,37.6,0.73,23,0.79,-3.14,36,0.69,-7.74,12,50,-0.195,False,近期PF<1.1|近半年PF<1.0
SNDK.US,TTM_SQ,218,0.0,44.5,1.08,7.13,-14.57,0.041,0.018,44.5,1.03,49,0.91,-3.01,81,1.14,5.68,42,90,0.038,False,近期PF<1.1
SNDK.US,ST_10_3,63,0.0,46.0,1.19,4.06,-6.44,0.068,0.211,51.9,1.66,16,2.01,4.92,24,2.13,8.17,9,20,0.221,True,
CRCL.US,ORB5_Z,99,0.0,37.4,1.39,45.45,-14.36,0.463,0.419,41.6,1.38,24,1.86,21.55,57,1.22,11.44,0,59,0.362,True,
CRCL.US,ORB15_VWAP,23,75.8,39.1,1.24,4.48,-10.41,0.228,-0.417,29.6,0.61,5,0.4,-3.02,8,0.26,-6.62,4,5,-0.411,False,近期PF<1.1|近半年PF<1.0
CRCL.US,VWAP_PB,20,41.2,40.0,0.84,-2.29,-7.16,-0.107,-0.258,37.6,0.63,3,0.41,-1.65,10,0.45,-4.31,6,12,-0.28,False,近期PF<1.1|近半年PF<1.0
CRCL.US,VWAP_MR,171,0.0,40.4,0.54,-45.16,-49.3,-0.342,-0.193,45.6,0.7,41,0.88,-3.19,83,0.74,-12.66,38,66,-0.211,False,近期PF<1.1|近半年PF<1.0
CRCL.US,EMA_X,83,0.0,45.8,0.93,-5.45,-15.99,-0.055,0.088,48.6,1.13,22,1.41,5.64,44,0.81,-6.48,27,35,-0.011,False,近半年PF<1.0
CRCL.US,DC20,73,43.0,54.8,1.3,10.14,-7.3,0.14,0.231,56.3,1.55,21,1.36,3.35,39,1.84,13.4,8,22,0.247,True,
CRCL.US,TTM_SQ,166,0.0,40.4,0.85,-16.94,-19.05,-0.1,-0.122,39.4,0.82,44,0.78,-7.25,86,0.88,-7.31,26,85,-0.106,False,近期PF<1.1|近半年PF<1.0
CRCL.US,ST_10_3,25,0.0,36.0,1.17,1.65,-4.36,0.071,0.314,49.8,1.87,9,2.23,3.58,9,2.23,3.58,5,7,0.291,True,
